key	value
profile_root	/workspace/httparse-tool-rebuild/string-model
compiler_source_commit	437d3d8d00b8114d7a3b4f7b8738d594a395f5bc
compiler_upstream_source_tree	358e36618e0617688d6ad3dff80e3af13eb7f048
compiler_patched_source_manifest_sha256	7279d66fbd2bf1b1de8ec86098537c59c95d1903bf1e80b9251effee01ed9a1c
compiler_binary	/workspace/httparse-tool-rebuild/targets/creusot-cast-compdiv/debug/creusot-rustc
compiler_binary_sha256	29fcf8914166db07a910c45e4c8462f5665cfe4eee482509b885e629d3ff826e
rust_toolchain	rustc 1.95.0-nightly (6a979b3e3 2026-02-26);binary: rustc;commit-hash: 6a979b3e32522049d0acb4a47f7ae44b7c8abfd5;commit-date: 2026-02-26;host: x86_64-unknown-linux-gnu;release: 1.95.0-nightly;LLVM version: 22.1.0;
rustc_sysroot_source_commit	6a979b3e32522049d0acb4a47f7ae44b7c8abfd5
target_directory	/workspace/httparse-tool-rebuild/targets/creusot-cast-compdiv
target_directory_reused	yes
target_directory_previous_profile	castcompdiv-baseline
target_directory_previous_binary_sha256	b64ebfbcc0c62b5a3f8e5b513f16e8ddc95c06c9d4f597827cdca2ff1fb96156
target_directory_previous_builder_sha256	e709f7ddeb2112f0f90b0a40cc0042debd18fa013e1a3efc7835b4a266289f1c
narrowcast_patch_sha256	c3ac3e596b822f483d2f0f782169aacc5c752449cf66771ee7268ee2feb8eb24
string_compiler_patch_sha256	8b3205493c45b909c8fb980b3e6cb3c4f63d52511060f12ec227c4e105d4f2ea
stdlib_patch_sha256	7b92f2d54dc845a982246c220bc37004ae14d6ee5e51ff0ff4bbc87eb90b5ab9
stdlib_seed_commit	6263082
stdlib_seed_tree	daf48d3435a26fa967e3e5727c0f386515a44002
stdlib_seed_num_sha256	b777d9fb2cc922148df8718b9a175d249de2174fc5d57f22cf24a63af91256d2
stdlib_result_manifest_sha256	d6109840ce16f0b9f5cf37011db924e151503184a7f6eea72af6306473d90b5b
newline_manifest_library_files_matched	22
newline_manifest_library_match_sha256	937d6a0231e1780d6a0be13954d75c22192d44c08f8fe74334b881d779fa5070
stdlib_result_string_sha256	e51e9dd373e683c63c424aca31bb4850f0437e1c5c56c325c8590e46670957df
stdlib_result_num_sha256	b777d9fb2cc922148df8718b9a175d249de2174fc5d57f22cf24a63af91256d2
prelude_package_manifest_sha256	c307fefb4427aa192fc54b8bb1c09cfe67ddaf21ef2571bf27189612a09557b4
prelude_sha256	cca0368e966eacff2188dae670d35678fd95e801a2fce5a3154a61d300b2798b
installed_prelude_sha256	cca0368e966eacff2188dae670d35678fd95e801a2fce5a3154a61d300b2798b
why3_config_sha256	22eee6c9a8d3f63ef6c0e030156997474cd2002d48ee05cc235a30f294e6c7ed
why3_source_commit	2c0f2992af85f82f3eda0f158dcf10e62e0db875
why3_source_tree	24325129313f16c3f93eb1b1dbc2d3830f2547f3
why3_opam_package_sha256	d1af93a954b222252f1534c80c6055483537cefe464264ffc223912bdb111434
why3find_source_commit	3a98fc320b9cbf2e71860da1c8dc188a966eee96
why3find_source_tree	d467dc612138d8f383f29c1526ef7784bd0f819e
why3find_opam_package_sha256	96764a357507e2e0ea2bd67f13c192e872cc0a96fac77918c41e13c3c1d30fc6
opam_why3_installed_package	git-2c0f2992
opam_why3find_installed_package	git-3a98fc32
why3_binary	/workspace/proof-tools/creusot-data/bin/why3
why3_version	Why3 platform, version 1.8.2+git
why3_binary_sha256	cced91edcb7d8edfb3540f060c1f4609cd02f69bc0e48bc22f8e35d58731bdff
why3find_binary	/workspace/proof-tools/creusot-data/bin/why3find
why3find_version	why3find v1.2.0+dev
why3find_binary_sha256	c83c6c6ed7684495afd5547b40cb620674ca7cc9ebe95c4354f224a3ff1db976
z3_binary	/workspace/proof-tools/creusot-data/bin/z3
z3_version	Z3 version 4.15.3 - 64 bit
z3_binary_sha256	80ee070b8ffc2fa964b0b879250b2110c47f84c1256a1f9ab76fc7cf95e46292
