probe	target	valid_proof_json_leaves	coma_sha256	proof_json_sha256	why3session_sha256
memory-pointer	iter/bytes_subsequence_head	1	b8263cf9cbc63023079bc684409b49f6c41966d4f7164981e0d1bfb48d07df77	d51a4627f54ca81480d2ce6d676c868a6740d658679bf6d30ac375e6ce96dda9	1f0e32623e4be3ea1d0172feb7331bbf7929a69576c43361d6d63ff81bea649a
memory-pointer	iter/impl_Bytes/new	9	7863e88cb97b1393bfa938c3a1d2429988844aee3f29821790aa2b6c6f857670	75ae63e1632e6c44422bef5b86be0ac92a1f1846f1c9d064d6e03ad300da5d2b	77a9bfbf5d0b4addd789cbc75f8da9ec9d2e93dcb8b0f8bc032ff7fb59b71c1e
memory-pointer	iter/impl_Bytes/byte_permission	7	c292c75082a43ff540b08207a25dfabf427beffba50c15f946748c042ef387f7	75b9f138fb16bb4222b62613e1236db7033802cf672a950ce67f10698d11c9bf	a573399dbe6665289301caffdbc9687dd017f316374ad31b0878e87f9a123b2e
memory-pointer	iter/slice_from_ptr_range	12	b2838685e5da8c5a99e40c76c7d478766aab60780b3a599ce9adcdd78e9649d6	c2f4bcb903eb9130be77641de1a222c24b0281fa347ef82c3ee47b5437b3713d	bb3da4ffe133def17e09beb22ae4b0d74e07f5b71498a050b37e226375d3c756
memory-pointer	iter/impl_AsRef_for_Bytes/as_ref	2	dedd6e6ae8bc85df66c7e2d9a4ab06ad4600d2771e2b0aa077c3f52bdb667a96	50a1eb3342fc2618d15a5ae9b1b925c7a838202c54cf8971fb168ee174b29988	ad9e3e8630ae28f08f8d9c147c56604ba6c05a439ad5b9f165065fdc603e8b98
memory-pointer	iter/impl_Bytes/pos	2	2286a7ff85db995de3ed3edc025e8f22d06c06b7c35e73e1735782a6ec3339b8	94f417b22bc9ddd447882ed8d26680657bf102ba3416ba7a9624109c8891b46f	2dca025077a5eeb6b7bd4e297bffdcb0e94b951d357d9419594e6eac8a05dcce
memory-pointer	iter/impl_Bytes/len	2	d5a174e3de21a06d2c872ebc65c7eb677656c459fe01e2ff8071be5747f114a1	8bc79f6e9fffaa3dc4616e8b04a22ff5d5f578e072930ff5755cfc2c0e1fb357	33ff3ce4c213408928507fef376a0ccc96fa97f2070d01bface11a8c997c9e70
memory-pointer	iter/impl_Bytes/is_empty	2	6301e14e45b985548c307409a7405b5d1e4d00cba450c89bf87350250329a216	4a457b07124a052f183262679b15a4805c5d4989b89e27b306d3dc9436a224bd	3dc452c9a6c79bf3e08c8e04f07e0730c2c72f208e9eb8a5ab55b4ffb38745a9
memory-pointer	iter/impl_Bytes/advance	6	8c9c45fe00bdae3d4c3c20be206f1ad350b159e753732e8f33988fe01b439fbe	19279e69345baf11222393fde81e460813c26ab1eedfe2256a0c54283a2fcb3b	40d48db0c2377439b9a364e367b3757cf1efa93aad23ff4983f6cfe46554293c
memory-pointer	iter/impl_Bytes/bump	2	a726fbdbf1a674854a21b6511176e6b2493e0b576395312ae60ea51dd7c14bae	12a66c967e9df15dd47f683b9887af6885304a4400a767053f8c31f2429af0c0	52779822ed410f2c971dd86617544690926bfeaf6515f3ee809fad5ea0b1b2bc
memory-pointer	iter/impl_Bytes/advance_and_commit	3	b0f0ab8c72df6b2b7aa94e34ea0d2fb31cfc102baae4d37fbd4e328730495be9	af1635229eebf37356a9f536e385a07ff2534ed4048be9307eb84c0cbb06e5c8	a10b3ca0c566aae6cae8a6292cffcf04ccfa4f5f1f4882f8fdf17a728a2ec248
memory-pointer	iter/impl_Bytes/commit	1	a2bc25f9a66a9ada903bf9cd6c52a2695abf12ae0168f08336cdcb727528f872	5460de012247bd30fd70e0ccff9a0bf794cf322b9a71aa91a76284bdce749023	0ed1bde0953d3f2b20410f01aabf7ed4b4a0c5bc84e461f61dc0cd02fb72438f
memory-pointer	iter/impl_Bytes/slice	3	52888fc89420a66d093f7261ea4c599eea70bca2ae25297c5ea0e76450289388	ff0c23ca1aebd0747f74f139feda4a84b82022f846be22feb0541cc07fa87ac7	f2851b77ebda843482144eb6505cf8ba0f99f577c449b2f20841dee26026aa1f
memory-pointer	iter/impl_Bytes/slice_skip	8	142dae186c611a228a186b4f3c52df2390a3335dfb3820b622780742299d5957	684e1e884b91e549142618658f50eeec0dbb3b072321befd3789b8f50a574056	e30a26fbc640223ac327cff4b4ee6a835393dd4c3f38d9b48c956cc43515baa8
memory-pointer	iter/impl_Bytes/set_cursor	2	76a2c70d55956018cea4c6a46a8867d81e43d369dc3797d1452f57efaf1abd4f	31db40125e1678ed3503a687c83d041a51680f9fe149ec834a455616f85cfb03	e7664b812f0b2fed7112ca265a81a0331f980d0eaaa8b90b6b5ed2ae2e422f80
memory-pointer	iter/impl_Bytes/as_ptr	1	934a2238b8d1884afab5df1342dc8cdb81bd538214474d69ad5c0645584bafe7	e6516d82aa89ec52fcb49d91f7635f3451555db34441b55aaf76ca5541ab9192	f6140715469976781262bb0bff742b7bff68dbe12939ef2a1d69b5fcdc6857bf
memory-pointer	iter/impl_Bytes/start	1	7721abf2f66096229eba8a7c0887a60618d98b8a0f25318429c8afaff7e40474	86dea803e96659b33c5bb1a9c4e7d98e4b9df27a8ec085d84a72fd0c2c731e2a	b8464512f2d20f62d10b97012890785d8ece70c8ad8fd0c6b5a169636911c4a2
memory-pointer	iter/impl_Bytes/end	1	95e47ffc75b1712ddfadac310087cc610ca2215b0959663a46aa3521ff13601e	eaa046552eeb5f5a249cb1f1c90ec6fcbae17ddcdc38def5753c2b71841e03a3	92572336aede0a62d18b8f14ceeee741459e263877d5490a1e78d5f612eca63e
memory-pointer	iter/impl_Bytes/peek	4	f4dce485ead02de420f2352b59bb2439c1347089ab894b52e49e914e27b767c8	83d9adc7434fed5c3bdcd4422c0219ba0395b92b30d802a27262d8962b615999	215f8c1694a3aedade301ba9c3057685f3bc46b936c57004c115f13dd7083a13
memory-pointer	iter/impl_Bytes/peek_ahead	9	b08176aba7da3c941f517c3f498813f5ea9343affa1fede45f139674122b9c74	02c2729791e816f30f56fc82119a840dd4115c63bbfa280956f77192753a3bab	43d76cef870091c3dbfe4046a914c9c924899be691202d2ba9dff326ff0c77de
memory-pointer	iter/impl_Bytes/peek_n	10	91b2b7be921308ab0d098acf13531d9d4d9704c73f40ca18e03bfe391cc83e1b	6025dfdd2b00f6dacdd3fff1569855bb06b6ff6f9ec6245873b454fff72d763a	ad4d00cd2455db8097b7dedc65ddafe391a9ceacdfbaf815ecd92233089d4feb
memory-pointer	iter/impl_Bytes/peek_array8	10	a829c47ba1918f046fc30b74514cac02ef65f36341573cd60d866cc824b30a5e	ca92c28fd47a0b99c7f78388410be38b0be78c9ef2e4ffc4d412b04d432b4168	6b3cab5a4c1dac0457d099ced78162fb242112a778322546a4ac78eecc141c3a
memory-pointer	iter/impl_Bytes/peek_array4	10	9c17e8d881306b58787e378abdcb4977a8651ea263e882366b0f6411b2492e1b	acf5b985a5e63008bb3d353824cc112245a8df2b928bf1acfc399e5bd867d290	e34d8b032e11e6a0115d0d3148457fdb8acc6bd906980d9388272a94c60206c2
memory-pointer	iter/impl_Iterator_for_Bytes/next	6	5d107dab717534e0eb57c088573c93af45ab6363829a54d4c2b17058f2f0f294	d33fbf55051d2205e129dd5877b0ce9f67f97d499c2ca8f98146e3a188a8c3da	49e0bd854aad3ac955eba5098829b9b9e4b16aa5f5505736848ce44f5e2d8b6d
memory-pointer	iter/impl_Iterator_for_Bytes/next__refines	1	e0fae56f9f500d5016c8151e4e225731853d709b61ca111bc025f19bd4aa3218	0af3a629260dc53bd7e7427a64c9b4ed5e9db3bba4ef16c38451dbcba2635d0f	bccb2d974aeacd7af4c9f49aa1c5973ae09db34ca24716f45b46b511c84195cc
memory-pointer	iter/impl_IteratorSpec_for_Bytes/produces_refl	2	5985718b6ed7da4a7c1e33cb9864dc184a4a17c5f33700e60a64c2380305273d	093e154a2e76aac254c57f823c5910df398168e3ddf129f2bbb33ba88cb6bbd6	ea446f1669c03e384241081db26fb6665e248f6eb75bc43a2764688c89d6497f
memory-pointer	iter/impl_IteratorSpec_for_Bytes/produces_trans	2	1a2faa74059965072a46bb72cf4027ca6f0c48abc2ec346aa3033709d30c04a4	e267df40fcf496026da888d39dc817f4ea9d90821da6671171dfa2bd3c9210f7	6bbaa85ece4bbc3fa4390a76277112a81b5dafed6c132dff4b8487f093e2ff97
memory-pointer	iter/impl_IteratorSpec_for_Bytes/produces_refl__refines	1	f7d0a7f3128e115bdfd51f72cadf9b61f1fb79e9fbec5dddc1d86d571af514e9	23012b96abc71e8b3a5b25cf7ad363496e6924159d10ac442efbc1d4855e517a	5824993bc6328f3f338930a8461ec62f5c233a1b82509f5ebf2da6a684b93843
memory-pointer	iter/impl_IteratorSpec_for_Bytes/produces_trans__refines	1	6721250e747b49765ddb34c921779370b916c0866cb125a956411aca8d5a9f1c	49e3a58df4762dfefabf01674dedc6e797551998d8737a53e8450f86504ad4b5	d70e89c9a1b3d66d29a8c19d63f01e60263594ec6cc7e22f5df67c3dea96ddfc
memory-array-conversion	array8_prefix	9	84ca95a5c444186a977663a280419f2da0fa5669745ba1c48cf771aa9107066b	c418edbff90d57b51ff2c40562b7aed6ffb13f678a640cc34ec003cf59b8d54d	68081250df2bd8c5c5814257488eb828c93c12c237f473c028ef34528e00e2ff
memory-array-conversion	array4_prefix	9	f8424e68742b49c66f770dba9db8be976bc44897bd8bf9f481b4f5bbf6a0625e	aa87fe625ee82049b331dd0afd0691d269639059597ea1e45b95724e9986af65	558b0c8bfcd146c467fad18d53069960f9accd12e208acb3f954d1103099bb55
