order	group	target	valid_leaf_count	status	run_or_classification
01	bytes	iter/impl_Bytes/byte_permission	4	Valid	direct-why3-selected-20261005T064400Z
02	bytes	iter/impl_Bytes/peek	4	Valid	direct-why3-selected-20261005T064400Z
03	bytes	iter/impl_Bytes/advance	7	Valid	direct-why3-selected-20261005T064400Z
04	bytes	iter/impl_Bytes/bump	4	Valid	direct-why3-selected-20261005T064400Z
05	bytes	iter/bytes_subsequence_head	10	Valid	direct-why3-selected-20261005T064400Z
06	bytes	iter/impl_Iterator_for_Bytes/next	9	Valid	direct-why3-selected-20261005T064400Z
07	bytes	iter/impl_Iterator_for_Bytes/next__refines	3	Valid	direct-why3-selected-20261005T064400Z
08	bytes	iter/impl_Bytes/commit	2	Valid	direct-why3-selected-20261005T064400Z
09	bytes	iter/slice_from_ptr_range	8	Valid	direct-why3-selected-20261005T064400Z
10	bytes	iter/impl_Bytes/slice	5	Valid	direct-why3-selected-20261005T064400Z
11	model	verification_newline/parse_newline_model	0	TrivialTrueNoTask	direct-why3-selected-20261005T064400Z/logs/11.log
12	actual	parse_newline	22	Valid	direct-why3-parse-newline-20261005T064700Z
