target	coma_sha256	proof_json_sha256	why3session_sha256	vc_count	vc_leaves
iter/bytes_subsequence_head	ab132d3e660e6885da532bacb27f02da7f185492d558a198652582421d73be35	634645404213752350abf4ccef8d7d5a3ce7217da85d2c8987c9125056a34141	4761ab9660aca16e8a181410f9004c61f69f6e0aa9e863b8b5f14e6d72c0cdee	1	vc_bytes_subsequence_head
iter/impl_Bytes/byte_permission	5586fc3be217d9cdd21e8f4a02efb6eb24086f265c78f1c90c8536033837397b	492126235ecbccbb8327a6c0ecf943f362dbbc2a7e5377e99e597926937761db	2f5f947840829561be7955482fe9c7c77ba5fa6d81c4e0f66299da783701a41e	7	vc_byte_permission,vc_deref_Ghost_ptr_u8,vc_deref_Ghost_ref_Perm_ptr_slice_u8,vc_index_u8,vc_into_ghost_Int,vc_into_inner_Int,vc_new_ref_Perm_ptr_u8
iter/impl_Bytes/peek	1d3af8bf12fa56258d2ec1fb6df61422c8d38a4bbb32f254605c5d7f69276fb8	ab5249d5ca3d5916212a0b80299b4aba456a6195a322fc8ecdbb37178dc51ae3	823d834f052c5922bdaacd9a63b1a975ffb4dc16a7bc9fbd322ddb03df81bee0	4	vc_addr_u8,vc_as_ref_u8,vc_byte_permission,vc_peek
iter/impl_Bytes/advance	4b19d70f9d934765713d8dec0bce316886d3e2fc52869f73dd4605830117e3f6	3e6f254b15925f63d5f37e1d49f2461415ead237a8b9f3adacf8b2c95992a2ca	efe37b933b0f39e76678534ad1605b0f0f9a6b6276460fe3867fa6f89afe21d0	6	vc_add_live_ptr_u8,vc_addr_u8,vc_advance,vc_deref_Ghost_ref_Perm_ptr_slice_u8,vc_live_u8,vc_new_PtrLive_u8
iter/impl_Bytes/bump	1fcc93c3d0cf59b92c82e465c8794a2f805c25b58f33f6e9317ead708c734f71	890b5d45a98f851483586d6c807a66e3a10106d239518904f057df5cb3e86654	59990e20a74a9888c5105241b5cc9d8f23d6e75a5b0f4bc12a9111ff8c4ae58d	2	vc_advance,vc_bump
iter/impl_Iterator_for_Bytes/next	9aa799de22b8ac6fd83198512a274e80d92aec48deb529cad0d4619ad311d256	b1f337634255c94d31cf7c6d9f2f4ad43b53c3add5a12e3baf525caa7aa9567b	e9f54b48e0cb945abbdf893f214ffeea629f9aec2c7a581ba11d7854420e4161	6	vc_bump,vc_bytes_subsequence_head,vc_elim_Some,vc_new_unit,vc_next_Bytes,vc_peek
iter/impl_Iterator_for_Bytes/next__refines	e7968e88b40ed7e9e52bd3eff485fc237edcb3ffa5eb8825fe19fcbc00e5936b	b728a8c8132b6e53546659a9fc357b3be4bf1039b0b60b7d118f459a34fa1f2d	f89f31e346d57be1129aea70228f7161e798e00b453a2fb3b48de0446d7edc08	1	refines
verification_code/is_ascii_digit	1e41d5db1c2e99a1e48e2b428ccc66b3f5e3b5466d78452b9481981f869313e2	9906a9b6ababfc54a0c4f5ca5798f66f16e137a458089a1fb50befcc04a5d82d	8b846435e17ca3950de530a120bbb13163b707ed9fa972cbc8f35e8a525d5d65	1	vc_is_ascii_digit
verification_code/decimal_digit_value	00c71ad0bdee7f653538054ad8b7ee758c6fb18736bb2480ffb2011997b1aacc	f1a9e03de85e93a28fdd7597c000b5ef9654595dc3e254475c08b18f953acd54	6285a071cad897e46b34ab119a57e931e67eabcdc31f8b0f987c5a529230d144	1	vc_decimal_digit_value
verification_code/parse_code_model	803c76ba550c616d2946f41516002a82bd177a42e57d0a0a13455df8ec7e726f	84aacc48c769be191ff13ca28a77e39f6c75b1365318b1b29efcccf66bbe99fa	4f9518284f05878f2ab9a8d38128d967cdb63c2d640c6620d0d109dfbc258307	1	vc_parse_code_model
parse_code	e85262f351da1eff80f1a80fde8f629852d529435c00dd0c0058513d35f73031	09ccda5cf4a527832facd26f8094c1a466f3d963337eb0212ad07c1da0f35405	b39a5123a6832ad865ba4320c63c895dc41049d42cf8a8bce28a9cc8e289104a	3	vc_elim_Some,vc_next_Bytes,vc_parse_code
