stage	group	target	version_coma_sha256	active_byte_memory_coma_sha256	active_byte_memory_valid_leaves	reason
01	base-256 arithmetic	verification_version/base256_head_injective	37a5b73681442ce6530320d8429840a6fccd57fbfb3d32ed506809c8899991d4			Body-checked low-byte/tail equality lemma; first bounded target.
02	finite std pack model	verification_version/native_pack_tail_end	042e96c6dcc72bd91039bcd9a76f1b8cddf0da4100b229a90fd41dced31a8dbd			Body-checked tail-at-offset-8 terminal case used by the eighth peel.
02	finite std pack model	verification_version/unfold_native_pack_tail	2135eb32bce87b92aa1b813dd62b18ec0f23e7bcd080dfdda39841ba01e8b13b			Body-checked recurrence lemma over the open finite target-endian tail definition.
03	pack injectivity	verification_version/native_pack8_injective	9c04dfb9e383d7b40da7148156003e2849506f1e7c6b3fa2eb7584b520364d66			Generic eight-byte injectivity chain; body-calls stage 01 and 02 lemmas.
04	version model	verification_version/matches_version_bytes	b999fa122718874d097456cf85a649340f86fefbb28aab04cdcd95fa5328d210			Open bytewise eight-byte equality model used by fast-path branches.
04	version model	verification_version/parse_version_model	aa0a196d1e0a7648235e91015c4580ec46ccf9af62b7c001800265c02e47bc9b			Exact full parser outcome/cursor model.
04	version model	verification_version/short_version_model	5c51a48b2491c266a53c7b6686dbd4fdc8a661bf29ef28d730bee3b340550610			Finite unrolled short-input model; body-checks result range and mark.
04	version model	verification_version/version_prefix_byte	324ad31831d65b0687a2927c70bdeaef2c65821d7d25e859011df321acf30714			Open short-prefix byte definition used by the short-path model.
05	Bytes dependency	iter/bytes_subsequence_head	2415f64ba507e2d50e5f1ee1f2b00e219801bde4e357c8cfa6d54484259e3cb2	b8263cf9cbc63023079bc684409b49f6c41966d4f7164981e0d1bfb48d07df77	1	Actual Bytes/Iterator target. Current active-byte memory profile has a fresh proof record under a distinct COMA hash.
05	Bytes dependency	iter/impl_AsRef_for_Bytes/as_ref	ba4f2eb2d57f8d0a637a5a88bf81483720c2330f5f66ac73f0ec895861817ceb	dedd6e6ae8bc85df66c7e2d9a4ab06ad4600d2771e2b0aa077c3f52bdb667a96	2	Actual Bytes/Iterator target. Current active-byte memory profile has a fresh proof record under a distinct COMA hash.
05	Bytes dependency	iter/impl_Bytes/advance	2258957f956d06725c72de5646401f0e84171bbfa86f08b40c7a576d2e289891	8c9c45fe00bdae3d4c3c20be206f1ad350b159e753732e8f33988fe01b439fbe	6	Actual Bytes/Iterator target. Current active-byte memory profile has a fresh proof record under a distinct COMA hash.
05	Bytes dependency	iter/impl_Bytes/advance_and_commit	d89ccf5896172e1db4c013315f6437c84572e11482c1d69138fbf221f138b453	b0f0ab8c72df6b2b7aa94e34ea0d2fb31cfc102baae4d37fbd4e328730495be9	3	Actual Bytes/Iterator target. Current active-byte memory profile has a fresh proof record under a distinct COMA hash.
05	Bytes dependency	iter/impl_Bytes/as_ptr	8d6856e11699927d5363af0d165e5fdf0347923ffa137edbe26fef0df532f48b	934a2238b8d1884afab5df1342dc8cdb81bd538214474d69ad5c0645584bafe7	1	Actual Bytes/Iterator target. Current active-byte memory profile has a fresh proof record under a distinct COMA hash.
05	Bytes dependency	iter/impl_Bytes/bump	5fc4d095aee99a28601acf20a22b70ba56360b2524ab27f4058edc3e3aaaed8a	a726fbdbf1a674854a21b6511176e6b2493e0b576395312ae60ea51dd7c14bae	2	Actual Bytes/Iterator target. Current active-byte memory profile has a fresh proof record under a distinct COMA hash.
05	Bytes dependency	iter/impl_Bytes/byte_permission	0faad4c62430df208359d5453f8fb12011a31f70230c34dd2652c27ecfe1fb19	c292c75082a43ff540b08207a25dfabf427beffba50c15f946748c042ef387f7	7	Actual Bytes/Iterator target. Current active-byte memory profile has a fresh proof record under a distinct COMA hash.
05	Bytes dependency	iter/impl_Bytes/commit	29774ba6786bb811968934b959a92a152cfebc74f92d2ece9ff78db5f41193d7	a2bc25f9a66a9ada903bf9cd6c52a2695abf12ae0168f08336cdcb727528f872	1	Actual Bytes/Iterator target. Current active-byte memory profile has a fresh proof record under a distinct COMA hash.
05	Bytes dependency	iter/impl_Bytes/end	792a5ddac0610b953db95fbdc571ffa151b41d176f1acc4ee143580008849cde	95e47ffc75b1712ddfadac310087cc610ca2215b0959663a46aa3521ff13601e	1	Actual Bytes/Iterator target. Current active-byte memory profile has a fresh proof record under a distinct COMA hash.
05	Bytes dependency	iter/impl_Bytes/is_empty	6372745fafc22874d9f273e374e62d4dbeafad46f8eb331d854c79196a79c236	6301e14e45b985548c307409a7405b5d1e4d00cba450c89bf87350250329a216	2	Actual Bytes/Iterator target. Current active-byte memory profile has a fresh proof record under a distinct COMA hash.
05	Bytes dependency	iter/impl_Bytes/len	ce36d73ca8357fc25cf4421011623a3ea5622fe3293bc320a70513c6b0280b4c	d5a174e3de21a06d2c872ebc65c7eb677656c459fe01e2ff8071be5747f114a1	2	Actual Bytes/Iterator target. Current active-byte memory profile has a fresh proof record under a distinct COMA hash.
05	Bytes dependency	iter/impl_Bytes/new	56bc345c1de3be3d928aa5025a1ede228e20fbd0a017adccc4ced740e391721d	7863e88cb97b1393bfa938c3a1d2429988844aee3f29821790aa2b6c6f857670	9	Actual Bytes/Iterator target. Current active-byte memory profile has a fresh proof record under a distinct COMA hash.
05	Bytes dependency	iter/impl_Bytes/peek	20d187ee432264f5e9825029754d9b8a1f0388187e0d5b07e9ac43f3f26b6d24	f4dce485ead02de420f2352b59bb2439c1347089ab894b52e49e914e27b767c8	4	Actual Bytes/Iterator target. Current active-byte memory profile has a fresh proof record under a distinct COMA hash.
05	Bytes dependency	iter/impl_Bytes/peek_ahead	a560063a9d433e9a286f1f1912352c02b9562f2b57a9c8c4be1c3bb7fc09e7c3	b08176aba7da3c941f517c3f498813f5ea9343affa1fede45f139674122b9c74	9	Actual Bytes/Iterator target. Current active-byte memory profile has a fresh proof record under a distinct COMA hash.
05	Bytes dependency	iter/impl_Bytes/peek_array4	786f42e0e2428aa24d08fc6df89befc74e3984593e40068cf7c7f593083351f3	9c17e8d881306b58787e378abdcb4977a8651ea263e882366b0f6411b2492e1b	10	Actual Bytes/Iterator target. Current active-byte memory profile has a fresh proof record under a distinct COMA hash.
05	Bytes dependency	iter/impl_Bytes/peek_array8	4907d82e584a635b7adbbc71a4cfaf446c52eacc366ecdc0c943ab698fe52401	a829c47ba1918f046fc30b74514cac02ef65f36341573cd60d866cc824b30a5e	10	Actual Bytes/Iterator target. Current active-byte memory profile has a fresh proof record under a distinct COMA hash.
05	Bytes dependency	iter/impl_Bytes/peek_n	1b2e3d92d6761f81029ce0406f1918096a60ee88bebe54980cc90607ea5349d8	91b2b7be921308ab0d098acf13531d9d4d9704c73f40ca18e03bfe391cc83e1b	10	Actual Bytes/Iterator target. Current active-byte memory profile has a fresh proof record under a distinct COMA hash.
05	Bytes dependency	iter/impl_Bytes/pos	d391a72f8ce22489dcb85c5b4ce94aca9351836f8b187a6815bf74de8bf3ad31	2286a7ff85db995de3ed3edc025e8f22d06c06b7c35e73e1735782a6ec3339b8	2	Actual Bytes/Iterator target. Current active-byte memory profile has a fresh proof record under a distinct COMA hash.
05	Bytes dependency	iter/impl_Bytes/set_cursor	943d90c2adc876c31706cfd13f414f59e0a97c3e60904d52a23239bc8a0d1086	76a2c70d55956018cea4c6a46a8867d81e43d369dc3797d1452f57efaf1abd4f	2	Actual Bytes/Iterator target. Current active-byte memory profile has a fresh proof record under a distinct COMA hash.
05	Bytes dependency	iter/impl_Bytes/slice	411f2aa50339e0be99026e22f9feb71fef696a2503e00aeaab5213d09e893061	52888fc89420a66d093f7261ea4c599eea70bca2ae25297c5ea0e76450289388	3	Actual Bytes/Iterator target. Current active-byte memory profile has a fresh proof record under a distinct COMA hash.
05	Bytes dependency	iter/impl_Bytes/slice_skip	e6dc69c01444c0260e4bd9f0bd12f18e518410efaa91a7dfc7c0d1ae5ef77696	142dae186c611a228a186b4f3c52df2390a3335dfb3820b622780742299d5957	8	Actual Bytes/Iterator target. Current active-byte memory profile has a fresh proof record under a distinct COMA hash.
05	Bytes dependency	iter/impl_Bytes/start	bbae16bbbc55a7dce9a80a24a19b0b2a5674e8c83d3207f3b83abcdb61cdc615	7721abf2f66096229eba8a7c0887a60618d98b8a0f25318429c8afaff7e40474	1	Actual Bytes/Iterator target. Current active-byte memory profile has a fresh proof record under a distinct COMA hash.
05	Bytes dependency	iter/impl_IteratorSpec_for_Bytes/produces_refl	31bb789d3cf058000241509c8eb3baec2adb75d5305a1f4a4b005e26abaf9d79	5985718b6ed7da4a7c1e33cb9864dc184a4a17c5f33700e60a64c2380305273d	2	Actual Bytes/Iterator target. Current active-byte memory profile has a fresh proof record under a distinct COMA hash.
05	Bytes dependency	iter/impl_IteratorSpec_for_Bytes/produces_refl__refines	9104bcd30476b8774517f5286f333ccaa283959fd6460f8f862db6758369fd65	f7d0a7f3128e115bdfd51f72cadf9b61f1fb79e9fbec5dddc1d86d571af514e9	1	Actual Bytes/Iterator target. Current active-byte memory profile has a fresh proof record under a distinct COMA hash.
05	Bytes dependency	iter/impl_IteratorSpec_for_Bytes/produces_trans	5c88a6c14462502ee0d83ccdf2c6aa15fb1b262ea201380c96b197a34378965b	1a2faa74059965072a46bb72cf4027ca6f0c48abc2ec346aa3033709d30c04a4	2	Actual Bytes/Iterator target. Current active-byte memory profile has a fresh proof record under a distinct COMA hash.
05	Bytes dependency	iter/impl_IteratorSpec_for_Bytes/produces_trans__refines	d5a1ce2c22b9f115460f3b51e20f76413575980d909b82f1e3fcceb18d89c2f5	6721250e747b49765ddb34c921779370b916c0866cb125a956411aca8d5a9f1c	1	Actual Bytes/Iterator target. Current active-byte memory profile has a fresh proof record under a distinct COMA hash.
05	Bytes dependency	iter/impl_Iterator_for_Bytes/next	4b7c6a7f88927989b87586b92887ebdfb5d9229cc0e36c93aecbd1b76d2af3cd	5d107dab717534e0eb57c088573c93af45ab6363829a54d4c2b17058f2f0f294	6	Actual Bytes/Iterator target. Current active-byte memory profile has a fresh proof record under a distinct COMA hash.
05	Bytes dependency	iter/impl_Iterator_for_Bytes/next__refines	266a36b0f4c61a3c4c9ff875897d545feef208356c6fdd755e8b4e82891bda1a	e0fae56f9f500d5016c8151e4e225731853d709b61ca111bc025f19bd4aa3218	1	Actual Bytes/Iterator target. Current active-byte memory profile has a fresh proof record under a distinct COMA hash.
05	Bytes dependency	iter/slice_from_ptr_range	12b96c96397cf20dae5128eed1c8c1d47abb818cf2008e5383e19bc9086e25c8	b2838685e5da8c5a99e40c76c7d478766aab60780b3a599ce9adcdd78e9649d6	12	Actual Bytes/Iterator target. Current active-byte memory profile has a fresh proof record under a distinct COMA hash.
06	actual parser	parse_version	4c93488fa24e4618276210c9e15b5de3c20c32195776f022fbeb249dee60e168			Actual extracted parser body; contains both successful pack-injectivity caller sites and the short-path Iterator::next calls.
