artifact	sha256
/workspace/rust-crate-proofs/tools/creusot-toolpatch/static-atomic-gate-b/evidence/final-9b120a5fa27a20f0b78ea63db3d7ad46942d5e85acdc6c8ca936d38f43843403/wrong-init/modules/CACHE.coma	f1e99c37e0bbf9f65065e9054b7bd3933cbd9959e6346b68ab3a73d678e25a75
/workspace/rust-crate-proofs/tools/creusot-toolpatch/static-atomic-gate-b/evidence/final-9b120a5fa27a20f0b78ea63db3d7ad46942d5e85acdc6c8ca936d38f43843403/wrong-init/modules/static-atomic-coverage.tsv	e262bd6ee485b982b4f3b85def88e6ef1ef8cb510eff474dfa1c9c394cf199d9
/workspace/rust-crate-proofs/tools/creusot-toolpatch/static-atomic-gate-b/evidence/final-9b120a5fa27a20f0b78ea63db3d7ad46942d5e85acdc6c8ca936d38f43843403/wrong-store/modules/store_invalid.coma	e26b47f62b7048efad81bec5692ed5f9846f65d5100889f2d774e1a60008cc9e
/workspace/rust-crate-proofs/tools/creusot-toolpatch/static-atomic-gate-b/evidence/final-9b120a5fa27a20f0b78ea63db3d7ad46942d5e85acdc6c8ca936d38f43843403/wrong-store/modules/static-atomic-coverage.tsv	2a0ccacaaa94108b3c02651d730035b9c06949135f013971eea4700b316d6cda
/workspace/proof-tools/config/creusot/why3.conf	e1124888733158546f027f02926484f591bed63bb5e10f861a6c93a54330ea07
/workspace/proof-tools/creusot-data/bin/why3	cced91edcb7d8edfb3540f060c1f4609cd02f69bc0e48bc22f8e35d58731bdff
/workspace/proof-tools/creusot-data/bin/z3	80ee070b8ffc2fa964b0b879250b2110c47f84c1256a1f9ab76fc7cf95e46292
/workspace/proof-tools/targets/httparse-static-atomic-gate-b/debug/creusot-rustc	8ec09ce81c700852971af51476c8e89d33247a0ffd7531ac66974b3e808b0edd
/workspace/rust-crate-proofs/tools/creusot-toolpatch/patches/httparse-static-atomic-gate-b.patch	4f70d3d5bf8e72355b80a98829cb927423ee9e665c02083973b43ca0d5f4d2d8
/workspace/rust-crate-proofs/tools/creusot-toolpatch/static-atomic-gate-b/run-fixtures.sh	af7732a909060a0d5c977ff350bf05ac5f4d24b585157c593d2ce20d31092461
/workspace/rust-crate-proofs/tools/creusot-toolpatch/static-atomic-gate-b/required-targets.tsv	9b69085259bdae96e31f67fe3a66dbc1217b123275d0ee68cc46d197833c00a4
/workspace/proof-tools/creusot-data/share/why3find/packages/creusot	851af6e8161611c660b5ae4a9c086b6a9159700b2e0d8d1d29f07897f27f15c9
