order	group	target	coma_sha256	purpose
01	bytes	iter/impl_Bytes/byte_permission	2f5f5b4594e73e40897ef9c31e3078f1ed29e72e2bb4f6877e73f739a2766ae8	permission used by Bytes::peek and Bytes::next
02	bytes	iter/impl_Bytes/peek	f813269cda28fe5a74f21842f3c1fdea9de34865505aa5351e19f7accf156841	Bytes::Iterator::next lookahead dependency
03	bytes	iter/impl_Bytes/advance	1c6b9a96bbba42d968285f8eddac02a22c57d67dcf216cc322c419237614fc03	Bytes::bump implementation dependency
04	bytes	iter/impl_Bytes/bump	4ce38731eefd534d845988a223bfd1d162f4c580d9c55423c9c52b43fe0adf5f	Bytes::Iterator::next consuming dependency
05	bytes	iter/bytes_subsequence_head	a26adaa524e58579144ab26ab9f9226ca06abcce1cd173dcc13558db4c4960e3	checked ghost lemma called by Bytes::next
06	bytes	iter/impl_Iterator_for_Bytes/next	aef4072e16e927c8c3a9b76a33c31fee32ece7c38e8ebe36b5ff9c3136917258	actual iterator body called through next!
07	bytes	iter/impl_Iterator_for_Bytes/next__refines	77b0e815c317f52dd5c8c38cf359ca035159aecae1ac910f409dcec76bc35336	actual iterator trait refinement
08	bytes	iter/impl_Bytes/commit	15cf8e7d6978ba9e94ae2275110cd18beaa9757b33c1d4d93aee231beec6519b	Bytes::slice commit dependency
09	bytes	iter/slice_from_ptr_range	cb680e79d52dc95812a8572405ab0be9f42174786764820558b9deb524e50ddd	Bytes::slice slice-construction dependency
10	bytes	iter/impl_Bytes/slice	54319a3b3a3029d06797c7463c2a82ff0f41937bd62ed7f67ea0c7e8563d2e4e	actual commit operation called by newline!
11	model	verification_newline/parse_newline_model	1cb5474304eebf379d61a56bd840124880b96bc248a802038430974784664239	open exact input/result/cursor/mark model
12	actual	parse_newline	9f35bee713232f3526a0dee224c903fd87f9bc15229e59c8d5f5eb2f8bc30765	actual helper body and refinement contract
