order	target	phase
01	verification_empty_lines/complete_line_ending_at	model-base
02	verification_empty_lines/complete_line_prefix	model-prefix
03	verification_empty_lines/complete_line_prefix_end	model-endpoint
04	verification_empty_lines/complete_line_prefix_concat	model-concatenation-induction
05	verification_empty_lines/complete_line_prefix_extend_crlf	model-crlf-extension
06	verification_empty_lines/complete_line_prefix_extend_lf	model-lf-extension
07	verification_empty_lines/complete_line_prefix_cursor_induction	model-cursor-induction
08	verification_empty_lines/complete_line_prefix_at_cursor	model-cursor-bridge
09	verification_empty_lines/skip_empty_lines_model	model-exact-outcome
10	iter/impl_Bytes/byte_permission	runtime-dependency
11	iter/impl_Bytes/peek	runtime-dependency
12	iter/impl_Bytes/advance	runtime-dependency
13	iter/impl_Bytes/bump	runtime-dependency
14	iter/bytes_subsequence_head	runtime-dependency
15	iter/impl_Iterator_for_Bytes/next	runtime-dependency
16	iter/impl_Iterator_for_Bytes/next__refines	runtime-dependency
17	iter/impl_Bytes/commit	runtime-dependency
18	iter/slice_from_ptr_range	runtime-dependency
19	iter/impl_Bytes/slice	runtime-dependency
20	skip_empty_lines	actual-extracted-runtime-body
