target	result	vc_count	valid_vc_count	solver_steps	solver_time_seconds	counterexample_count	counterexample_model_count	coma_sha256	log_path
mask_complement_preserves_low_bits	Valid	1	1	14646	0.0			a4e62f8adf018fefa37977e6f714bdba45640b0acb185d0a1379e484f3617bf5	httparse/1.10.1/verification/probes/backend-sse-prefix/why3-driver/evidence/2026-10-05-bounded-closure-smoke/01-mask-complement.log
trailing_zeros_shift_to_nth	Valid	1	1	488496	0.28			188af68006994ac695cf49f601c078f8a2bee56b8a21655db7e4b9b02c48dfdd	httparse/1.10.1/verification/probes/backend-sse-prefix/why3-driver/evidence/2026-10-05-bounded-closure-smoke/02-trailing-zeros.log
prefix_len_from_mask	Valid	2	2	17318,20543	0.01,0.02			68d2f3112c8ac945ae0133d96ad4126cbdb94dc2ee04e67291b7d2cc12ac0142	httparse/1.10.1/verification/probes/backend-sse-prefix/why3-driver/evidence/2026-10-05-bounded-closure-smoke/03-prefix-length.log
movemask_narrow_preserves_bits	Valid	1	1	269961	0.08			2f0c5f747ff97b0ac190c3096a46e1fb56a0f51521a17ce952721df8afe2795e	httparse/1.10.1/verification/probes/backend-sse-prefix/why3-driver/evidence/2026-10-05-bounded-closure-smoke/04-movemask-narrow.log
u16_nth_constant_bit_smoke	Valid	1	1	10984	0.01			dc761b0f164aae1e9c9f29e5bd13f1eaabf477416faa681a18250b6ecb5d6e94	httparse/1.10.1/verification/probes/backend-sse-prefix/why3-driver/evidence/2026-10-05-bounded-closure-smoke/05-u16-constant.log
u16_nth_out_of_bounds_smoke	Valid	1	1	6313	0.01			07e0d39ca197d9a279cc748843bc1b9a4e4c03a6f673a1ca8a0825cd521d107b	httparse/1.10.1/verification/probes/backend-sse-prefix/why3-driver/evidence/2026-10-05-bounded-closure-smoke/06-u16-bounds.log
u32_nth_boundary_smoke	Valid	1	1	14035	0.02			7524ffa1f916d7a2bc3a56e34b98d8a938e2fd38d3ce95a1bedf71152cdc864d	httparse/1.10.1/verification/probes/backend-sse-prefix/why3-driver/evidence/2026-10-05-bounded-closure-smoke/07-u32-boundary.log
uri_allowed_mask_16_sse	Valid	8	8	1630,2169,2378,2467,2228,4242,53114,141677	0.01,0.01,0.0,0.0,0.0,0.01,0.03,0.05			c2d42ae05df51be60fb86ba303914a69282d332f8381eeabac003add0bfc90f1	httparse/1.10.1/verification/probes/backend-sse-prefix/why3-driver/evidence/2026-10-05-bounded-closure-smoke/08-uri-allowed-mask.log
match_uri_char_16_sse_pure	Valid	2	2	1628,25943	0.02,0.02			3623aa3413d9304eeeecaa491aa80cd043f0a0814f7eda10bba6b0abdc112a8c	httparse/1.10.1/verification/probes/backend-sse-prefix/why3-driver/evidence/2026-10-05-bounded-closure-smoke/09-match-uri.log
expected_invalid_u16_wrong_high_bit	Timeout	1	0	45927811	10	0	0	ca04eaf498b6019704b0fa64327c11af2c54f30f8e6df15a3780865bf7f2c1e6	httparse/1.10.1/verification/probes/backend-sse-prefix/why3-driver/evidence/2026-10-05-bounded-closure-smoke/10-negative-u16-bit0.log
expected_invalid_u16_width_index_wrap	Timeout	1	0	53296579	10	0	0	ba802807bc29bad98af2618fdd31bdb161cc2fc6daa77c82a3485966a0c17bde	httparse/1.10.1/verification/probes/backend-sse-prefix/why3-driver/evidence/2026-10-05-bounded-closure-smoke/11-negative-u16-width.log
expected_invalid_u32_negative_index_wrap	Timeout	1	0	38834086	10	0	0	e0d494f58131abc1a779388d224f59448d3d387224db08afd2207d719c625e8a	httparse/1.10.1/verification/probes/backend-sse-prefix/why3-driver/evidence/2026-10-05-bounded-closure-smoke/12-negative-u32-negative.log
expected_invalid_u32_two_to_width_wrap	Timeout	1	0	47032647	10	0	0	be6b6dca1f717aa3130807d432220ec580e2ad643efcbfb13533d0ed0314b3be	httparse/1.10.1/verification/probes/backend-sse-prefix/why3-driver/evidence/2026-10-05-bounded-closure-smoke/13-negative-u32-width.log
