sha256	coma_target
d4f5846dab629ae62e2fbc0adc375a0afe3c4e99cda515b33e52eee95460b019	verif/httparse_derived_traits_harness_rlib/impl_PartialEq_for_Error/eq.coma
287c88a4753a2b6750eb659b02dd4f2761ef04e7e53611e63c2ed7d2f4dd1d34	verif/httparse_derived_traits_harness_rlib/impl_PartialEq_for_Error/eq__refines.coma
cfac191b268fa4227acc67c9b8f0e80287ef6619132f2d31bd9c7f2626af951c	verif/httparse_derived_traits_harness_rlib/impl_Debug_for_Error/fmt.coma
03309d3d80b951c540b7457de322a2e2e8c991e084e16bf8f0461da78559cced	verif/httparse_derived_traits_harness_rlib/impl_Debug_for_Error/fmt__refines.coma
16634a59b34f0c4274b86b2cb54989c07b94bf8210583d94ec9ba5745deb39a8	verif/httparse_derived_traits_harness_rlib/impl_Eq_for_Error/assert_fields_are_eq.coma
6673a0e82499804820c276cdbefea836a241eca07367de532281e82105acb165	verif/httparse_derived_traits_harness_rlib/impl_PartialEq_for_SignedI8/eq.coma
b415424cdd955c5688534efaad7ab4139094ac855e93cce5d4e744d52c6bc79d	verif/httparse_derived_traits_harness_rlib/impl_PartialEq_for_SignedI8/eq__refines.coma
e730188e8c4b71c828898e200ed9f47552fcb2b9774bad120f9eda524954f670	verif/httparse_derived_traits_harness_rlib/impl_Eq_for_SignedI8/assert_fields_are_eq.coma
35747010c49986ebddd7c5abcd212a66075ab967b49a4deda5e0f541f1341670	verif/httparse_derived_traits_harness_rlib/impl_PartialEq_for_SignedI16/eq.coma
fe35e789c02dcdb7bf50e3d620cfcce71be60e503d653405052462467457ff8f	verif/httparse_derived_traits_harness_rlib/impl_PartialEq_for_SignedI16/eq__refines.coma
8e037b4425cc543dcdc7e2e9dfb6066a2074e2256c13fcc8bed81789f200e0d5	verif/httparse_derived_traits_harness_rlib/impl_Eq_for_SignedI16/assert_fields_are_eq.coma
815968b69d5bb9e07cf549ab3fe7b68c040492ffdd0db5d45fe8e09765450538	verif/httparse_derived_traits_harness_rlib/error_equal_same_variant.coma
b04a270fecc6df6ff3848b90350e4b524d5fe564ef3ff4082a22a543806bde96	verif/httparse_derived_traits_harness_rlib/error_equal_different_variants.coma
c4d5b2b33228536b125d0787cbd2712d543e518844c9d4a84a872ce578471fb6	verif/httparse_derived_traits_harness_rlib/repr_i8_equal_same_variant.coma
339cf5d073cf50181fc3c50008bdb544b9f630a1812649afd6913c7b561a90cf	verif/httparse_derived_traits_harness_rlib/repr_i8_equal_different_variants.coma
872ae1f9471cf04de21ccb64dee6ceb9f88ccaf7c42f1342c370315f1454a337	verif/httparse_derived_traits_harness_rlib/repr_i16_equal_same_variant.coma
bb9b3431a94f8d39d3a0b4079413e00b26813d8b430b4eb3e1ba4df1e0a68f0b	verif/httparse_derived_traits_harness_rlib/repr_i16_equal_different_variants.coma
35a639e82c85af91f0e10bfc1dc8d9a4b26a0a36965300d737a5025b837c6979	verif/httparse_derived_traits_harness_rlib/repr_i8_discriminant_math.coma
de0789832162f8cfd3a82fdc4547d6fe9358ce746a24b18ce84d60dfa6851cec	verif/httparse_derived_traits_harness_rlib/repr_i8_discriminant_bitwise.coma
62f243fe7f3065a91e032d1c704af8078f5d5d632f65b7deca12364048feb0bb	verif/httparse_derived_traits_harness_rlib/repr_i16_discriminant_math.coma
693668a9493e3a2713d20e2fb76d6652e83899687453116ec5f50f58c960c1aa	verif/httparse_derived_traits_harness_rlib/repr_i16_discriminant_bitwise.coma
