run_id	20261005T164215Z-30559
upstream_commit	437d3d8d00b8114d7a3b4f7b8738d594a395f5bc
compiler_bin	/workspace/httparse-tool-rebuild/constant-index-gate/20261005T164215Z-30559/target/debug/creusot-rustc
compiler_sha256	49e855f2d3222a7cd294e0b64e75a637207ad08207e97cda01390ce54c8694ac
rustc_vv	rustc 1.95.0-nightly (6a979b3e3 2026-02-26) binary: rustc commit-hash: 6a979b3e32522049d0acb4a47f7ae44b7c8abfd5 commit-date: 2026-02-26 host: x86_64-unknown-linux-gnu release: 1.95.0-nightly LLVM version: 22.1.0 
source_tree_base	/workspace/proof-tools/creusot-source
patch_creusot-narrowcast-backend.patch	c3ac3e596b822f483d2f0f782169aacc5c752449cf66771ee7268ee2feb8eb24
patch_httparse-string-model.patch	8b3205493c45b909c8fb980b3e6cb3c4f63d52511060f12ec227c4e105d4f2ea
patch_httparse-constant-index.patch	1a43b90e8541e1a5ca54ba021be84b35fd5cd31e125db00ca82b2174693496da
prelude_sha256	cca0368e966eacff2188dae670d35678fd95e801a2fce5a3154a61d300b2798b
