obligation_id,source_location,operation,required_permission,initialization_condition,layout_or_provenance_condition,ordering,discharging_lemma,proof_artifact,status
src/buf/buf_impl.rs:29,src/buf/buf_impl.rs:29,.map(|src| unsafe { $typ::$conv(*(src as *const _ as *const [_; SIZE])) });,review,review,review,review,,,not_started
src/buf/buf_mut.rs:32,src/buf/buf_mut.rs:32,pub unsafe trait BufMut {,review,review,review,review,,,not_started
src/buf/buf_mut.rs:87,src/buf/buf_mut.rs:87,/// unsafe { buf.advance_mut(2) };,review,review,review,review,,,not_started
src/buf/buf_mut.rs:92,src/buf/buf_mut.rs:92,/// unsafe { buf.advance_mut(3); },review,review,review,review,,,not_started
src/buf/buf_mut.rs:109,src/buf/buf_mut.rs:109,"unsafe fn advance_mut(&mut self, cnt: usize);",review,review,review,review,,,not_started
src/buf/buf_mut.rs:150,src/buf/buf_mut.rs:150,/// unsafe {,review,review,review,review,,,not_started
src/buf/buf_mut.rs:223,src/buf/buf_mut.rs:223,unsafe { self.advance_mut(cnt) };,review,review,review,review,,,not_started
src/buf/buf_mut.rs:264,src/buf/buf_mut.rs:264,unsafe { self.advance_mut(cnt) };,review,review,review,review,,,not_started
src/buf/buf_mut.rs:306,src/buf/buf_mut.rs:306,"unsafe { core::ptr::write_bytes(dst.as_mut_ptr(), val, dst_len) };",review,review,review,review,,,not_started
src/buf/buf_mut.rs:308,src/buf/buf_mut.rs:308,unsafe { self.advance_mut(dst_len) };,review,review,review,review,,,not_started
src/buf/buf_mut.rs:1369,src/buf/buf_mut.rs:1369,"unsafe fn advance_mut(&mut self, cnt: usize) {",review,review,review,review,,,not_started
src/buf/buf_mut.rs:1480,src/buf/buf_mut.rs:1480,unsafe impl<T: BufMut + ?Sized> BufMut for &mut T {,review,review,review,review,,,not_started
src/buf/buf_mut.rs:1484,src/buf/buf_mut.rs:1484,unsafe impl<T: BufMut + ?Sized> BufMut for Box<T> {,review,review,review,review,,,not_started
src/buf/buf_mut.rs:1488,src/buf/buf_mut.rs:1488,unsafe impl BufMut for &mut [u8] {,review,review,review,review,,,not_started
src/buf/buf_mut.rs:1500,src/buf/buf_mut.rs:1500,"unsafe fn advance_mut(&mut self, cnt: usize) {",review,review,review,review,,,not_started
src/buf/buf_mut.rs:1536,src/buf/buf_mut.rs:1536,unsafe impl BufMut for &mut [core::mem::MaybeUninit<u8>] {,review,review,review,review,,,not_started
src/buf/buf_mut.rs:1548,src/buf/buf_mut.rs:1548,"unsafe fn advance_mut(&mut self, cnt: usize) {",review,review,review,review,,,not_started
src/buf/buf_mut.rs:1584,src/buf/buf_mut.rs:1584,unsafe impl BufMut for Vec<u8> {,review,review,review,review,,,not_started
src/buf/buf_mut.rs:1592,src/buf/buf_mut.rs:1592,"unsafe fn advance_mut(&mut self, cnt: usize) {",review,review,review,review,,,not_started
src/buf/buf_mut.rs:1620,src/buf/buf_mut.rs:1620,"unsafe { UninitSlice::from_raw_parts_mut(ptr.add(len), cap - len) }",review,review,review,review,,,not_started
src/buf/chain.rs:204,src/buf/chain.rs:204,"unsafe impl<T, U> BufMut for Chain<T, U>",review,review,review,review,,,not_started
src/buf/chain.rs:221,src/buf/chain.rs:221,"unsafe fn advance_mut(&mut self, mut cnt: usize) {",review,review,review,review,,,not_started
src/buf/limit.rs:58,src/buf/limit.rs:58,unsafe impl<T: BufMut> BufMut for Limit<T> {,review,review,review,review,,,not_started
src/buf/limit.rs:69,src/buf/limit.rs:69,"unsafe fn advance_mut(&mut self, cnt: usize) {",review,review,review,review,,,not_started
src/buf/take.rs:185,src/buf/take.rs:185,"let buf = unsafe { std::mem::transmute::<&[u8], &'a [u8]>(buf) };",review,review,review,review,,,not_started
src/buf/take.rs:190,src/buf/take.rs:190,"let buf = unsafe { std::mem::transmute::<&[u8], &'a [u8]>(slice) };",review,review,review,review,,,not_started
src/buf/uninit_slice.rs:37,src/buf/uninit_slice.rs:37,unsafe { &mut *(slice as *mut [u8] as *mut [MaybeUninit<u8>] as *mut UninitSlice) },review,review,review,review,,,not_started
src/buf/uninit_slice.rs:56,src/buf/uninit_slice.rs:56,unsafe { &mut *(slice as *mut [MaybeUninit<u8>] as *mut UninitSlice) },review,review,review,review,,,not_started
src/buf/uninit_slice.rs:60,src/buf/uninit_slice.rs:60,unsafe { &*(slice as *const [MaybeUninit<u8>] as *const UninitSlice) },review,review,review,review,,,not_started
src/buf/uninit_slice.rs:79,src/buf/uninit_slice.rs:79,"/// let slice = unsafe { UninitSlice::from_raw_parts_mut(ptr, len) };",review,review,review,review,,,not_started
src/buf/uninit_slice.rs:82,src/buf/uninit_slice.rs:82,"pub unsafe fn from_raw_parts_mut<'a>(ptr: *mut u8, len: usize) -> &'a mut UninitSlice {",review,review,review,review,,,not_started
src/buf/uninit_slice.rs:100,src/buf/uninit_slice.rs:100,"/// let slice = unsafe { UninitSlice::from_raw_parts_mut(data.as_mut_ptr(), 3) };",review,review,review,review,,,not_started
src/buf/uninit_slice.rs:110,src/buf/uninit_slice.rs:110,unsafe { self[index..].as_mut_ptr().write(byte) },review,review,review,review,,,not_started
src/buf/uninit_slice.rs:127,src/buf/uninit_slice.rs:127,"/// let slice = unsafe { UninitSlice::from_raw_parts_mut(data.as_mut_ptr(), 3) };",review,review,review,review,,,not_started
src/buf/uninit_slice.rs:139,src/buf/uninit_slice.rs:139,unsafe {,review,review,review,review,,,not_started
src/buf/uninit_slice.rs:182,src/buf/uninit_slice.rs:182,/// unsafe {,review,review,review,review,,,not_started
src/buf/uninit_slice.rs:187,src/buf/uninit_slice.rs:187,pub unsafe fn as_uninit_slice_mut(&mut self) -> &mut [MaybeUninit<u8>] {,review,review,review,review,,,not_started
src/bytes.rs:111,src/bytes.rs:111,"pub clone: unsafe fn(&AtomicPtr<()>, *const u8, usize) -> Bytes,",review,review,review,review,,,not_started
src/bytes.rs:115,src/bytes.rs:115,"pub into_vec: unsafe fn(&AtomicPtr<()>, *const u8, usize) -> Vec<u8>,",review,review,review,review,,,not_started
src/bytes.rs:116,src/bytes.rs:116,"pub into_mut: unsafe fn(&AtomicPtr<()>, *const u8, usize) -> BytesMut,",review,review,review,review,,,not_started
src/bytes.rs:118,src/bytes.rs:118,"pub is_unique: unsafe fn(&AtomicPtr<()>) -> bool,",review,review,review,review,,,not_started
src/bytes.rs:120,src/bytes.rs:120,"pub drop: unsafe fn(&mut AtomicPtr<()>, *const u8, usize),",review,review,review,review,,,not_started
src/bytes.rs:221,src/bytes.rs:221,"/// #         pub unsafe fn map(_file: &super::File) -> Result<Self, ()> {",review,review,review,review,,,not_started
src/bytes.rs:237,src/bytes.rs:237,/// let mmap = unsafe { Mmap::map(&file) }?;,review,review,review,review,,,not_started
src/bytes.rs:281,src/bytes.rs:281,let buf = unsafe { &*owned }.owner.as_ref();,review,review,review,review,,,not_started
src/bytes.rs:339,src/bytes.rs:339,unsafe { (self.vtable.is_unique)(&self.data) },review,review,review,review,,,not_started
src/bytes.rs:406,src/bytes.rs:406,ret.ptr = unsafe { ret.ptr.add(begin) };,review,review,review,review,,,not_started
src/bytes.rs:515,src/bytes.rs:515,unsafe { ret.inc_start(at) };,review,review,review,review,,,not_started
src/bytes.rs:563,src/bytes.rs:563,unsafe { self.inc_start(at) };,review,review,review,review,,,not_started
src/bytes.rs:646,src/bytes.rs:646,pub(crate) unsafe fn with_vtable(,review,review,review,review,,,not_started
src/bytes.rs:664,src/bytes.rs:664,"unsafe { slice::from_raw_parts(self.ptr, self.len) }",review,review,review,review,,,not_started
src/bytes.rs:668,src/bytes.rs:668,"unsafe fn inc_start(&mut self, by: usize) {",review,review,review,review,,,not_started
src/bytes.rs:677,src/bytes.rs:677,unsafe impl Send for Bytes {},review,review,review,review,,,not_started
src/bytes.rs:678,src/bytes.rs:678,unsafe impl Sync for Bytes {},review,review,review,review,,,not_started
src/bytes.rs:683,src/bytes.rs:683,"unsafe { (self.vtable.drop)(&mut self.data, self.ptr, self.len) }",review,review,review,review,,,not_started
src/bytes.rs:690,src/bytes.rs:690,"unsafe { (self.vtable.clone)(&self.data, self.ptr, self.len) }",review,review,review,review,,,not_started
src/bytes.rs:714,src/bytes.rs:714,unsafe {,review,review,review,review,,,not_started
src/bytes.rs:1105,src/bytes.rs:1105,"unsafe { (bytes.vtable.into_mut)(&bytes.data, bytes.ptr, bytes.len) }",review,review,review,review,,,not_started
src/bytes.rs:1118,src/bytes.rs:1118,"unsafe { (bytes.vtable.into_vec)(&bytes.data, bytes.ptr, bytes.len) }",review,review,review,review,,,not_started
src/bytes.rs:1143,src/bytes.rs:1143,"unsafe fn static_clone(_: &AtomicPtr<()>, ptr: *const u8, len: usize) -> Bytes {",review,review,review,review,,,not_started
src/bytes.rs:1148,src/bytes.rs:1148,"unsafe fn static_to_vec(_: &AtomicPtr<()>, ptr: *const u8, len: usize) -> Vec<u8> {",review,review,review,review,,,not_started
src/bytes.rs:1153,src/bytes.rs:1153,"unsafe fn static_to_mut(_: &AtomicPtr<()>, ptr: *const u8, len: usize) -> BytesMut {",review,review,review,review,,,not_started
src/bytes.rs:1162,src/bytes.rs:1162,"unsafe fn static_drop(_: &mut AtomicPtr<()>, _: *const u8, _: usize) {",review,review,review,review,,,not_started
src/bytes.rs:1184,src/bytes.rs:1184,"unsafe fn owned_clone<T>(data: &AtomicPtr<()>, ptr: *const u8, len: usize) -> Bytes {",review,review,review,review,,,not_started
src/bytes.rs:1199,src/bytes.rs:1199,"unsafe fn owned_to_vec<T>(data: &AtomicPtr<()>, ptr: *const u8, len: usize) -> Vec<u8> {",review,review,review,review,,,not_started
src/bytes.rs:1206,src/bytes.rs:1206,"unsafe fn owned_to_mut<T>(data: &AtomicPtr<()>, ptr: *const u8, len: usize) -> BytesMut {",review,review,review,review,,,not_started
src/bytes.rs:1210,src/bytes.rs:1210,unsafe fn owned_is_unique(_data: &AtomicPtr<()>) -> bool {,review,review,review,review,,,not_started
src/bytes.rs:1214,src/bytes.rs:1214,unsafe fn owned_drop_impl<T>(owned: *mut ()) {,review,review,review,review,,,not_started
src/bytes.rs:1232,src/bytes.rs:1232,"unsafe fn owned_drop<T>(data: &mut AtomicPtr<()>, _ptr: *const u8, _len: usize) {",review,review,review,review,,,not_started
src/bytes.rs:1255,src/bytes.rs:1255,"unsafe fn promotable_even_clone(data: &AtomicPtr<()>, ptr: *const u8, len: usize) -> Bytes {",review,review,review,review,,,not_started
src/bytes.rs:1268,src/bytes.rs:1268,unsafe fn promotable_to_vec(,review,review,review,review,,,not_started
src/bytes.rs:1294,src/bytes.rs:1294,unsafe fn promotable_to_mut(,review,review,review,review,,,not_started
src/bytes.rs:1323,src/bytes.rs:1323,"unsafe fn promotable_even_to_vec(data: &AtomicPtr<()>, ptr: *const u8, len: usize) -> Vec<u8> {",review,review,review,review,,,not_started
src/bytes.rs:1329,src/bytes.rs:1329,"unsafe fn promotable_even_to_mut(data: &AtomicPtr<()>, ptr: *const u8, len: usize) -> BytesMut {",review,review,review,review,,,not_started
src/bytes.rs:1335,src/bytes.rs:1335,"unsafe fn promotable_even_drop(data: &mut AtomicPtr<()>, ptr: *const u8, len: usize) {",review,review,review,review,,,not_started
src/bytes.rs:1350,src/bytes.rs:1350,"unsafe fn promotable_odd_clone(data: &AtomicPtr<()>, ptr: *const u8, len: usize) -> Bytes {",review,review,review,review,,,not_started
src/bytes.rs:1362,src/bytes.rs:1362,"unsafe fn promotable_odd_to_vec(data: &AtomicPtr<()>, ptr: *const u8, len: usize) -> Vec<u8> {",review,review,review,review,,,not_started
src/bytes.rs:1366,src/bytes.rs:1366,"unsafe fn promotable_odd_to_mut(data: &AtomicPtr<()>, ptr: *const u8, len: usize) -> BytesMut {",review,review,review,review,,,not_started
src/bytes.rs:1370,src/bytes.rs:1370,"unsafe fn promotable_odd_drop(data: &mut AtomicPtr<()>, ptr: *const u8, len: usize) {",review,review,review,review,,,not_started
src/bytes.rs:1385,src/bytes.rs:1385,unsafe fn promotable_is_unique(data: &AtomicPtr<()>) -> bool {,review,review,review,review,,,not_started
src/bytes.rs:1397,src/bytes.rs:1397,"unsafe fn free_boxed_slice(buf: *mut u8, offset: *const u8, len: usize) {",review,review,review,review,,,not_started
src/bytes.rs:1413,src/bytes.rs:1413,"unsafe { dealloc(self.buf, Layout::from_size_align(self.cap, 1).unwrap()) }",review,review,review,review,,,not_started
src/bytes.rs:1435,src/bytes.rs:1435,"unsafe fn shared_clone(data: &AtomicPtr<()>, ptr: *const u8, len: usize) -> Bytes {",review,review,review,review,,,not_started
src/bytes.rs:1440,src/bytes.rs:1440,"unsafe fn shared_to_vec_impl(shared: *mut Shared, ptr: *const u8, len: usize) -> Vec<u8> {",review,review,review,review,,,not_started
src/bytes.rs:1469,src/bytes.rs:1469,"unsafe fn shared_to_vec(data: &AtomicPtr<()>, ptr: *const u8, len: usize) -> Vec<u8> {",review,review,review,review,,,not_started
src/bytes.rs:1473,src/bytes.rs:1473,"unsafe fn shared_to_mut_impl(shared: *mut Shared, ptr: *const u8, len: usize) -> BytesMut {",review,review,review,review,,,not_started
src/bytes.rs:1508,src/bytes.rs:1508,"unsafe fn shared_to_mut(data: &AtomicPtr<()>, ptr: *const u8, len: usize) -> BytesMut {",review,review,review,review,,,not_started
src/bytes.rs:1512,src/bytes.rs:1512,pub(crate) unsafe fn shared_is_unique(data: &AtomicPtr<()>) -> bool {,review,review,review,review,,,not_started
src/bytes.rs:1518,src/bytes.rs:1518,"unsafe fn shared_drop(data: &mut AtomicPtr<()>, _ptr: *const u8, _len: usize) {",review,review,review,review,,,not_started
src/bytes.rs:1524,src/bytes.rs:1524,"unsafe fn shallow_clone_arc(shared: *mut Shared, ptr: *const u8, len: usize) -> Bytes {",review,review,review,review,,,not_started
src/bytes.rs:1540,src/bytes.rs:1540,unsafe fn shallow_clone_vec(,review,review,review,review,,,not_started
src/bytes.rs:1611,src/bytes.rs:1611,unsafe fn release_shared(ptr: *mut Shared) {,review,review,review,review,,,not_started
src/bytes_mut.rs:229,src/bytes_mut.rs:229,unsafe {,review,review,review,review,,,not_started
src/bytes_mut.rs:242,src/bytes_mut.rs:242,"unsafe { Bytes::with_vtable(ptr, len, data, &SHARED_VTABLE) }",review,review,review,review,,,not_started
src/bytes_mut.rs:306,src/bytes_mut.rs:306,unsafe {,review,review,review,review,,,not_started
src/bytes_mut.rs:382,src/bytes_mut.rs:382,unsafe {,review,review,review,review,,,not_started
src/bytes_mut.rs:416,src/bytes_mut.rs:416,unsafe { self.set_len(len) };,review,review,review,review,,,not_started
src/bytes_mut.rs:433,src/bytes_mut.rs:433,unsafe { self.set_len(0) };,review,review,review,review,,,not_started
src/bytes_mut.rs:474,src/bytes_mut.rs:474,"unsafe { ptr::write_bytes(dst, value, additional) };",review,review,review,review,,,not_started
src/bytes_mut.rs:478,src/bytes_mut.rs:478,unsafe { self.set_len(new_len) };,review,review,review,review,,,not_started
src/bytes_mut.rs:494,src/bytes_mut.rs:494,/// unsafe {,review,review,review,review,,,not_started
src/bytes_mut.rs:500,src/bytes_mut.rs:500,/// unsafe {,review,review,review,review,,,not_started
src/bytes_mut.rs:507,src/bytes_mut.rs:507,"pub unsafe fn set_len(&mut self, len: usize) {",review,review,review,review,,,not_started
src/bytes_mut.rs:600,src/bytes_mut.rs:600,unsafe {,review,review,review,review,,,not_started
src/bytes_mut.rs:664,src/bytes_mut.rs:664,unsafe {,review,review,review,review,,,not_started
src/bytes_mut.rs:745,src/bytes_mut.rs:745,let original_capacity_repr = unsafe { (*shared).original_capacity_repr };,review,review,review,review,,,not_started
src/bytes_mut.rs:758,src/bytes_mut.rs:758,unsafe { release_shared(shared) };,review,review,review,review,,,not_started
src/bytes_mut.rs:850,src/bytes_mut.rs:850,unsafe {,review,review,review,review,,,not_started
src/bytes_mut.rs:858,src/bytes_mut.rs:858,unsafe {,review,review,review,review,,,not_started
src/bytes_mut.rs:926,src/bytes_mut.rs:926,"unsafe { slice::from_raw_parts(self.ptr.as_ptr(), self.len) }",review,review,review,review,,,not_started
src/bytes_mut.rs:931,src/bytes_mut.rs:931,"unsafe { slice::from_raw_parts_mut(self.ptr.as_ptr(), self.len) }",review,review,review,review,,,not_started
src/bytes_mut.rs:939,src/bytes_mut.rs:939,"pub(crate) unsafe fn advance_unchecked(&mut self, count: usize) {",review,review,review,review,,,not_started
src/bytes_mut.rs:981,src/bytes_mut.rs:981,let ptr = unsafe { self.ptr.as_ptr().add(self.len) };,review,review,review,review,,,not_started
src/bytes_mut.rs:1001,src/bytes_mut.rs:1001,"unsafe fn promote_to_shared(&mut self, ref_cnt: usize) {",review,review,review,review,,,not_started
src/bytes_mut.rs:1043,src/bytes_mut.rs:1043,"/// The kind of `self` doesn't matter, but this is unsafe",review,review,review,review,,,not_started
src/bytes_mut.rs:1048,src/bytes_mut.rs:1048,unsafe fn shallow_clone(&mut self) -> BytesMut {,review,review,review,review,,,not_started
src/bytes_mut.rs:1059,src/bytes_mut.rs:1059,unsafe fn get_vec_pos(&self) -> usize {,review,review,review,review,,,not_started
src/bytes_mut.rs:1068,src/bytes_mut.rs:1068,"unsafe fn set_vec_pos(&mut self, pos: usize) {",review,review,review,review,,,not_started
src/bytes_mut.rs:1101,src/bytes_mut.rs:1101,/// unsafe {,review,review,review,review,,,not_started
src/bytes_mut.rs:1109,src/bytes_mut.rs:1109,unsafe {,review,review,review,review,,,not_started
src/bytes_mut.rs:1123,src/bytes_mut.rs:1123,unsafe {,review,review,review,review,,,not_started
src/bytes_mut.rs:1130,src/bytes_mut.rs:1130,unsafe { release_shared(self.data) };,review,review,review,review,,,not_started
src/bytes_mut.rs:1154,src/bytes_mut.rs:1154,unsafe {,review,review,review,review,,,not_started
src/bytes_mut.rs:1166,src/bytes_mut.rs:1166,unsafe impl BufMut for BytesMut {,review,review,review,review,,,not_started
src/bytes_mut.rs:1174,src/bytes_mut.rs:1174,"unsafe fn advance_mut(&mut self, cnt: usize) {",review,review,review,review,,,not_started
src/bytes_mut.rs:1231,src/bytes_mut.rs:1231,unsafe {,review,review,review,review,,,not_started
src/bytes_mut.rs:1492,src/bytes_mut.rs:1492,unsafe fn increment_shared(ptr: *mut Shared) {,review,review,review,review,,,not_started
src/bytes_mut.rs:1500,src/bytes_mut.rs:1500,unsafe fn release_shared(ptr: *mut Shared) {,review,review,review,review,,,not_started
src/bytes_mut.rs:1602,src/bytes_mut.rs:1602,unsafe impl Send for BytesMut {},review,review,review,review,,,not_started
src/bytes_mut.rs:1603,src/bytes_mut.rs:1603,unsafe impl Sync for BytesMut {},review,review,review,review,,,not_started
src/bytes_mut.rs:1778,src/bytes_mut.rs:1778,unsafe {,review,review,review,review,,,not_started
src/bytes_mut.rs:1785,src/bytes_mut.rs:1785,if unsafe { (*shared).is_unique() } {,review,review,review,review,,,not_started
src/bytes_mut.rs:1786,src/bytes_mut.rs:1786,let vec = core::mem::take(unsafe { &mut (*shared).vec });,review,review,review,review,,,not_started
src/bytes_mut.rs:1788,src/bytes_mut.rs:1788,unsafe { release_shared(shared) };,review,review,review,review,,,not_started
src/bytes_mut.rs:1798,src/bytes_mut.rs:1798,unsafe {,review,review,review,review,,,not_started
src/bytes_mut.rs:1812,src/bytes_mut.rs:1812,unsafe { NonNull::new_unchecked(ptr) },review,review,review,review,,,not_started
src/bytes_mut.rs:1830,src/bytes_mut.rs:1830,"unsafe fn rebuild_vec(ptr: *mut u8, mut len: usize, mut cap: usize, off: usize) -> Vec<u8> {",review,review,review,review,,,not_started
src/bytes_mut.rs:1848,src/bytes_mut.rs:1848,"unsafe fn shared_v_clone(data: &AtomicPtr<()>, ptr: *const u8, len: usize) -> Bytes {",review,review,review,review,,,not_started
src/bytes_mut.rs:1856,src/bytes_mut.rs:1856,"unsafe fn shared_v_to_vec(data: &AtomicPtr<()>, ptr: *const u8, len: usize) -> Vec<u8> {",review,review,review,review,,,not_started
src/bytes_mut.rs:1878,src/bytes_mut.rs:1878,"unsafe fn shared_v_to_mut(data: &AtomicPtr<()>, ptr: *const u8, len: usize) -> BytesMut {",review,review,review,review,,,not_started
src/bytes_mut.rs:1907,src/bytes_mut.rs:1907,unsafe fn shared_v_is_unique(data: &AtomicPtr<()>) -> bool {,review,review,review,review,,,not_started
src/bytes_mut.rs:1913,src/bytes_mut.rs:1913,"unsafe fn shared_v_drop(data: &mut AtomicPtr<()>, _ptr: *const u8, _len: usize) {",review,review,review,review,,,not_started
