scenario	artifact	sha256
positive	CACHE.coma	095e622f88289887a5295b0045f52937d0f7988938474601e1b609b4c30041a5
positive	read_cache.coma	bf99d807b5acdb2c460a48797663f5dfdcbe80991bf46b7f8d11f9cb012d09f9
positive	read_twice.coma	0fd232a33aeac41c3dc7f8871a57727722326fb78eed428af6a990e5b7880d95
positive	static-atomic-coverage.tsv	0bcf501bd4e9cfd9ff18d4e0921b4cfebc325b69e5ec9a6c771ea78cc1dd04c0
positive	store_one.coma	58728f2649fd3b633cb363b9eb2b197637c606d0700ac552f4189bc6d52609b7
wrong-init	CACHE.coma	f1e99c37e0bbf9f65065e9054b7bd3933cbd9959e6346b68ab3a73d678e25a75
wrong-init	read_cache.coma	bf99d807b5acdb2c460a48797663f5dfdcbe80991bf46b7f8d11f9cb012d09f9
wrong-init	read_twice.coma	0fd232a33aeac41c3dc7f8871a57727722326fb78eed428af6a990e5b7880d95
wrong-init	static-atomic-coverage.tsv	e262bd6ee485b982b4f3b85def88e6ef1ef8cb510eff474dfa1c9c394cf199d9
wrong-init	store_one.coma	58728f2649fd3b633cb363b9eb2b197637c606d0700ac552f4189bc6d52609b7
wrong-store	CACHE.coma	095e622f88289887a5295b0045f52937d0f7988938474601e1b609b4c30041a5
wrong-store	read_cache.coma	bf99d807b5acdb2c460a48797663f5dfdcbe80991bf46b7f8d11f9cb012d09f9
wrong-store	read_twice.coma	0fd232a33aeac41c3dc7f8871a57727722326fb78eed428af6a990e5b7880d95
wrong-store	static-atomic-coverage.tsv	2a0ccacaaa94108b3c02651d730035b9c06949135f013971eea4700b316d6cda
wrong-store	store_invalid.coma	e26b47f62b7048efad81bec5692ed5f9846f65d5100889f2d774e1a60008cc9e
wrong-store	store_one.coma	58728f2649fd3b633cb363b9eb2b197637c606d0700ac552f4189bc6d52609b7
latest-read	CACHE.coma	095e622f88289887a5295b0045f52937d0f7988938474601e1b609b4c30041a5
latest-read	latest_read_is_one.coma	d66f4187104e9b2538e6281758fb47d04c6bade93f4fa0336b52e2a974b1ed1e
latest-read	read_cache.coma	bf99d807b5acdb2c460a48797663f5dfdcbe80991bf46b7f8d11f9cb012d09f9
latest-read	read_twice.coma	0fd232a33aeac41c3dc7f8871a57727722326fb78eed428af6a990e5b7880d95
latest-read	static-atomic-coverage.tsv	b22d10195ed2ee669db1e7304afc27b589b9f664569d596f766f6cff99029183
latest-read	store_one.coma	58728f2649fd3b633cb363b9eb2b197637c606d0700ac552f4189bc6d52609b7
equal-loads	CACHE.coma	095e622f88289887a5295b0045f52937d0f7988938474601e1b609b4c30041a5
equal-loads	loads_are_equal.coma	afcc66eb7d5ec3e2af069b0b791ccec0905de2118b63894ab680d4fed758448e
equal-loads	read_cache.coma	bf99d807b5acdb2c460a48797663f5dfdcbe80991bf46b7f8d11f9cb012d09f9
equal-loads	read_twice.coma	0fd232a33aeac41c3dc7f8871a57727722326fb78eed428af6a990e5b7880d95
equal-loads	static-atomic-coverage.tsv	45764c413939b76989ee8ed09a20d93b46449dbafd6ba13390db55ddfeb7817b
equal-loads	store_one.coma	58728f2649fd3b633cb363b9eb2b197637c606d0700ac552f4189bc6d52609b7
