scenario	features	translation	coverage_or_error
positive		translated-no-solver	translation-and-indexed
wrong-init	wrong-init	translated-no-solver	translation; init-VC-for-2-emitted-unproved
wrong-store	wrong-store	translated-no-solver	translation; store-VC-for-2-emitted-unproved
latest-read	latest-read	translated-no-solver	translation; assertion-VC-emitted-unproved-by-fresh-I
equal-loads	equal-loads	translated-no-solver	translation; equality-VC-emitted-unproved-by-independent-I
skipped-writer	skipped-writer	rejected-as-designed	proof MIR audit rejected skipped writer; normal audit recorded the store
partial-predicate	partial-predicate	rejected-as-designed	outside the closed total-expression subset
prophetic-predicate	prophetic-predicate	rejected-as-designed	nonprophetic
spoof-predicate	spoof-predicate	rejected-as-designed	outside the closed total-expression subset
span-literal-mismatch	span-literal-mismatch	rejected-as-designed	normal/proof executable MIR and access inventories differ
