parser_target	relationship	dependency_target	existing_exact_source_evidence
skip_spaces	direct	iter/impl_Bytes/peek	verification/probes/code-harness/evidence/current-after-next-contract/TARGETS.tsv; verification/probes/memory-pointer/evidence/active-byte-refresh-2026-10-05/TARGETS.tsv
skip_spaces	transitive from peek	iter/impl_Bytes/byte_permission	verification/probes/memory-pointer/evidence/active-byte-refresh-2026-10-05/TARGETS.tsv
skip_spaces	direct	iter/impl_Bytes/bump	verification/probes/code-harness/evidence/current-after-next-contract/TARGETS.tsv; verification/probes/memory-pointer/evidence/active-byte-refresh-2026-10-05/TARGETS.tsv
skip_spaces	transitive from bump	iter/impl_Bytes/advance	verification/probes/code-harness/evidence/current-after-next-contract/TARGETS.tsv; verification/probes/memory-pointer/evidence/active-byte-refresh-2026-10-05/TARGETS.tsv
skip_spaces	direct	iter/impl_Bytes/slice	verification/probes/memory-pointer/evidence/active-byte-refresh-2026-10-05/TARGETS.tsv
skip_spaces	transitive from slice	iter/impl_Bytes/commit	verification/probes/memory-pointer/evidence/active-byte-refresh-2026-10-05/TARGETS.tsv
skip_spaces	transitive from slice	iter/slice_from_ptr_range	verification/probes/memory-pointer/evidence/active-byte-refresh-2026-10-05/TARGETS.tsv
skip_spaces	model contract	verification_spaces/space_prefix_at_cursor	new body-checked lemma target in proof-targets.tsv
skip_spaces	model contract	verification_spaces/space_prefix_end	new exact independent model target in proof-targets.tsv
skip_spaces	model contract	verification_spaces/skip_spaces_model	new exact result model target in proof-targets.tsv
