translation_evidence	/workspace/httparse-cloud-resume/tools/creusot-toolpatch/constant-index-gate/fixture/evidence/translation-20261005T165852Z-36371
work_dir	/workspace/httparse-tool-rebuild/string-model/constant-index-gate-20261005T165852Z-36371
why3	/workspace/httparse-tool-rebuild/string-model/creusot-data/bin/why3
why3_version	Why3 platform, version 1.8.2+git
config	/tmp/itoa-proof-config.THQD4i/creusot/why3.conf
config_sha256	adae287ca18213a3e51936d3ef24afdb9442c8bb7ecb7a299166262c69c56bb6
prover	Z3,4.15.3
per_goal_timelimit_seconds	30
per_goal_memlimit_MiB	1000
running_provers_max	1
positive_target=get_pattern
stopped_at=get_pattern; positive target had a non-Valid or malformed result
