upstream_source_commit	437d3d8d00b8114d7a3b4f7b8738d594a395f5bc
narrowcast_patch_sha256	c3ac3e596b822f483d2f0f782169aacc5c752449cf66771ee7268ee2feb8eb24
gate_a_patch_sha256	e075f03f479f7efab0967345e2a25e84d063c0a8357ece399f097ece17d2e044
gate_b_patch_sha256	4f70d3d5bf8e72355b80a98829cb927423ee9e665c02083973b43ca0d5f4d2d8
gate_c_patch_sha256	87657e0e1d2448af0d6de1282623793d0fb24bc66448a7ff823a471b1f772bdf
build_runner_sha256	49739b6f672257aac8351d0af3e0f0c7987de0e1c9c44449894ed0315502c16b
translation_runner_sha256	7d020b6d937f8d8d6cc67227e4086e6ad89bd08d4f1f244db69eb4d74dce35e1
fixture_sha256	63a2bf0d6039928c196567711c6203e3df683ae993a1fa84ed504ba6617028e0
compiler_sha256	3fafc3a4d9b0a2341f2a26f5561a363c6a9e2eef97422a42ad116063d65f0dcd
generated_package_sha256	bf1f9f5d904f7f4c006ed24a5e3bc5d60e528729b11d00ef8ded2db16aab2dc8
generated_package_file_count	4
generated_prelude_sha256	3c9f5c4ed7656e7050ee8f1b2e0563bc9776554871a191d36df7a5b6b8b00a23
why3_sha256	cced91edcb7d8edfb3540f060c1f4609cd02f69bc0e48bc22f8e35d58731bdff
why3_config_sha256	e1124888733158546f027f02926484f591bed63bb5e10f861a6c93a54330ea07
target_cfg_sha256	5ad4803a9edc14b252350e47124b5cc043fc51425de8fb963f0dcb871efd11ac
effective_target_feature_avx2	session=false;cfg=false;normal+proof
effective_target_feature_sse4.2	session=false;cfg=false;normal+proof
type_only_coma_count	8
type_only_result	all 8 exited 0 with --type-only; no -P/solver
type_only_snapshot_log_sha256	a177222f20ca7d9c1be0c1bdb443ef63da069f96a47ac8e78da76cb0eca69124
type_only_snapshot_commands_sha256	9f5a7bd16d97e351c6a4fdbcd783ce89eec5424edf98645b6743a553949eed61
runner_type_only_log_sha256	d557154095d975141eb99bdbb67800be123d7bc4729eb4091b01957cb696e530
runner_type_only_commands_sha256	0ad2575d507f775af24fbba5540d33822fb385c4a7f1fe81cad97636d5332503
positive_manifest_sha256	39c450cfb44e38d68757ba0353338c555dce12c851c3e9feba0b155c4e384548
positive_normal_audit_sha256	f0dbab70db1a91f5ea0edd665581f9c2e733824b700577b99a1bdf4eccc78435
positive_proof_audit_sha256	b7be037aabd9c718c752d51bf68a5a2413d1f602966303112b836820b028e0a8
positive_coverage_sha256	ac87f9c6b05f6f615bcf72cae5f94a305f5d4e0742ef409bc04b1653e01c352b
positive_normal_input_sha256	64a8e5eee5c10ef76ce3977fd64f0f1ae03824e02cb3a667b43473bdda5c3830
positive_proof_input_sha256	64da1a50701b8d42f3bca9e7b4d1e6640cdbf2465c0f182c272d81e2b8113bde
solver_run	no
