coma_target	goal	answer	seconds	steps	evidence
verif/httparse_derived_traits_harness_rlib/impl_PartialEq_for_Error/eq.coma	vc_eq_Error	Valid	0.010964	12328	logs/nativeenv-error-eq-prover-results.jsonl + eq-proofs/Error/why3session.xml
verif/httparse_derived_traits_harness_rlib/impl_PartialEq_for_Error/eq__refines.coma	refines	Valid	0.007611	6	remaining-proofs/01.log
verif/httparse_derived_traits_harness_rlib/impl_Debug_for_Error/fmt.coma	vc_fmt_Error	Valid	0.020041	83973	remaining-proofs/02.log
verif/httparse_derived_traits_harness_rlib/impl_Debug_for_Error/fmt.coma	vc_write_str	Valid	0.008294	3413	remaining-proofs/02.log
verif/httparse_derived_traits_harness_rlib/impl_Debug_for_Error/fmt__refines.coma	refines	Valid	0.00424	70	remaining-proofs/03.log
verif/httparse_derived_traits_harness_rlib/impl_Eq_for_Error/assert_fields_are_eq.coma	vc_assert_fields_are_eq_Error	Valid	0.003375	6	remaining-proofs/04.log
verif/httparse_derived_traits_harness_rlib/impl_PartialEq_for_SignedI8/eq.coma	vc_eq_SignedI8	Valid	0.007717	5738	logs/nativeenv-signed-i8-eq-prover-results.jsonl + eq-proofs/SignedI8/why3session.xml
verif/httparse_derived_traits_harness_rlib/impl_PartialEq_for_SignedI8/eq__refines.coma	refines	Valid	0.009455	6	remaining-proofs/05.log
verif/httparse_derived_traits_harness_rlib/impl_Eq_for_SignedI8/assert_fields_are_eq.coma	vc_assert_fields_are_eq_SignedI8	Valid	0.004339	6	remaining-proofs/06.log
verif/httparse_derived_traits_harness_rlib/impl_PartialEq_for_SignedI16/eq.coma	vc_eq_SignedI16	Valid	0.004169	5738	logs/nativeenv-signed-i16-eq-prover-results.jsonl + eq-proofs/SignedI16/why3session.xml
verif/httparse_derived_traits_harness_rlib/impl_PartialEq_for_SignedI16/eq__refines.coma	refines	Valid	0.004777	6	remaining-proofs/07.log
verif/httparse_derived_traits_harness_rlib/impl_Eq_for_SignedI16/assert_fields_are_eq.coma	vc_assert_fields_are_eq_SignedI16	Valid	0.012858	6	remaining-proofs/08.log
verif/httparse_derived_traits_harness_rlib/error_equal_same_variant.coma	vc_eq_Error	Valid	1e-06	6	remaining-proofs/09.log
verif/httparse_derived_traits_harness_rlib/error_equal_same_variant.coma	vc_error_equal_same_variant	Valid	0.005063	6	remaining-proofs/09.log
verif/httparse_derived_traits_harness_rlib/error_equal_different_variants.coma	vc_eq_Error	Valid	0.003967	6	remaining-proofs/10.log
verif/httparse_derived_traits_harness_rlib/error_equal_different_variants.coma	vc_error_equal_different_variants	Valid	0.066808	126	remaining-proofs/10.log
verif/httparse_derived_traits_harness_rlib/repr_i8_equal_same_variant.coma	vc_eq_SignedI8	Valid	0.003934	6	remaining-proofs/11.log
verif/httparse_derived_traits_harness_rlib/repr_i8_equal_same_variant.coma	vc_repr_i8_equal_same_variant	Valid	0.004356	6	remaining-proofs/11.log
verif/httparse_derived_traits_harness_rlib/repr_i8_equal_different_variants.coma	vc_eq_SignedI8	Valid	0.00558	6	remaining-proofs/12.log
verif/httparse_derived_traits_harness_rlib/repr_i8_equal_different_variants.coma	vc_repr_i8_equal_different_variants	Valid	1e-06	58	remaining-proofs/12.log
verif/httparse_derived_traits_harness_rlib/repr_i16_equal_same_variant.coma	vc_eq_SignedI16	Valid	1e-06	6	remaining-proofs/13.log
verif/httparse_derived_traits_harness_rlib/repr_i16_equal_same_variant.coma	vc_repr_i16_equal_same_variant	Valid	0.00441	6	remaining-proofs/13.log
verif/httparse_derived_traits_harness_rlib/repr_i16_equal_different_variants.coma	vc_eq_SignedI16	Valid	0.003014	6	remaining-proofs/14.log
verif/httparse_derived_traits_harness_rlib/repr_i16_equal_different_variants.coma	vc_repr_i16_equal_different_variants	Valid	0.003601	58	remaining-proofs/14.log
verif/httparse_derived_traits_harness_rlib/repr_i8_discriminant_math.coma	vc_repr_i8_discriminant_math	Valid	0.01452	5353	remaining-proofs/15.log
verif/httparse_derived_traits_harness_rlib/repr_i8_discriminant_bitwise.coma	vc_repr_i8_discriminant_bitwise	Valid	0.003242	14	remaining-proofs/16.log
verif/httparse_derived_traits_harness_rlib/repr_i16_discriminant_math.coma	vc_repr_i16_discriminant_math	Valid	0.004836	5353	remaining-proofs/17.log
verif/httparse_derived_traits_harness_rlib/repr_i16_discriminant_bitwise.coma	vc_repr_i16_discriminant_bitwise	Valid	0.005015	14	remaining-proofs/18.log
