coma_path	sha256
verif/httparse_newline_string_harness_rlib/impl_Clone_for_Error/clone.coma	dc392bed34dabfbfbeb84adb1a3eb833a8c650720608860fe3966bf8e2092fee
verif/httparse_newline_string_harness_rlib/impl_Clone_for_Status_T/clone.coma	0158d1d686ecb9f3766ed26039525cd848883460eed1c4b967f0fb654d776004
verif/httparse_newline_string_harness_rlib/impl_Clone_for_Status_T/clone__refines.coma	8a16ffeed2995796c2fde434614bc98e2fa7e5510758ce411c596260c502e894
verif/httparse_newline_string_harness_rlib/impl_Debug_for_Error/fmt.coma	8872f0fd05b92daa987d2451bfa910b88aa98263607f6b7c58a10f239f52aba2
verif/httparse_newline_string_harness_rlib/impl_Debug_for_Error/fmt__refines.coma	a9fcac7b092d36577a550c3ef03ef32f35adf4a4633cbf9d4b234af7aca264a6
verif/httparse_newline_string_harness_rlib/impl_Display_for_Error/fmt.coma	bcd750b19e9a7b92f2ea64342fda1cd6ba512f7272f29ea081fe30761b9c2bf3
verif/httparse_newline_string_harness_rlib/impl_Eq_for_Error/assert_fields_are_eq.coma	c52ffafab51d5922058aa427ccae4deac3ae63070ce2d75f2da2afd408aa6618
verif/httparse_newline_string_harness_rlib/impl_Error/description_str.coma	636e9aaf4eee0405355ce202c385df55f3d83d78c33f169c57348d460d0b1fdf
verif/httparse_newline_string_harness_rlib/impl_Error_for_Error/description.coma	b03a283d30e9e3eaed29f48ef6740e32ee277eba42824e1f23bdba8aacd529ed
verif/httparse_newline_string_harness_rlib/impl_PartialEq_for_Error/eq.coma	10dad24b2c502c4e2a5d9075c6e737220b67d5db4286c3fde2fd5f401ab49754
verif/httparse_newline_string_harness_rlib/impl_PartialEq_for_Error/eq__refines.coma	9cb625071bb3a44296e7a08f4ae9970faf0d9234916a3e0e2013fa56d0905e80
verif/httparse_newline_string_harness_rlib/impl_Status_T/is_complete.coma	b25db744b07d646cf3c7d9df283e2a460eb308f0812e577f3ee24644acd665ed
verif/httparse_newline_string_harness_rlib/impl_Status_T/is_partial.coma	65490ac694b0e7278a53f0bb9741ea182686fa93fe4d3d5d31ca34c85a0cf9b4
verif/httparse_newline_string_harness_rlib/impl_Status_T/unwrap.coma	782fe6f1637f67f3d666a20f00a4d8255cf064e2b626aabd67e1cf098ffdd0a1
verif/httparse_newline_string_harness_rlib/iter/bytes_subsequence_head.coma	a26adaa524e58579144ab26ab9f9226ca06abcce1cd173dcc13558db4c4960e3
verif/httparse_newline_string_harness_rlib/iter/impl_AsRef_for_Bytes/as_ref.coma	7541d35157a65500b6f5a7cd2166a0845ca57ebe8210c081f3b34983610e18d6
verif/httparse_newline_string_harness_rlib/iter/impl_Bytes/advance.coma	1c6b9a96bbba42d968285f8eddac02a22c57d67dcf216cc322c419237614fc03
verif/httparse_newline_string_harness_rlib/iter/impl_Bytes/advance_and_commit.coma	90edcf91ce2e4617257d68a3def52bcb1df17dc762625ac5c09616ac83a2887c
verif/httparse_newline_string_harness_rlib/iter/impl_Bytes/as_ptr.coma	c6c5e2842002cae3f74a6d0821b73ec2d73951881ede918d660dab1302efe005
verif/httparse_newline_string_harness_rlib/iter/impl_Bytes/bump.coma	4ce38731eefd534d845988a223bfd1d162f4c580d9c55423c9c52b43fe0adf5f
verif/httparse_newline_string_harness_rlib/iter/impl_Bytes/byte_permission.coma	2f5f5b4594e73e40897ef9c31e3078f1ed29e72e2bb4f6877e73f739a2766ae8
verif/httparse_newline_string_harness_rlib/iter/impl_Bytes/commit.coma	15cf8e7d6978ba9e94ae2275110cd18beaa9757b33c1d4d93aee231beec6519b
verif/httparse_newline_string_harness_rlib/iter/impl_Bytes/end.coma	4904db8ffee3e097543742a36c6a8b68ab6802aa6c1dc9462cbe0ce798244cce
verif/httparse_newline_string_harness_rlib/iter/impl_Bytes/is_empty.coma	277eec1feaef19d2ab0ffc3f99da707a472c42afed493329fd4d140c776c9efc
verif/httparse_newline_string_harness_rlib/iter/impl_Bytes/len.coma	240ee33f7ef08bb34528fff718bcfce835d3c545d4a0639155257bbb5b09129b
verif/httparse_newline_string_harness_rlib/iter/impl_Bytes/new.coma	c3a37268d883eba01edc2d5182440e4a1d1bc899c861d9111314bba59c7ce8a2
verif/httparse_newline_string_harness_rlib/iter/impl_Bytes/peek.coma	f813269cda28fe5a74f21842f3c1fdea9de34865505aa5351e19f7accf156841
verif/httparse_newline_string_harness_rlib/iter/impl_Bytes/peek_ahead.coma	0461083f9e844d7bef3b76cdbd00e89e67dc1f25c3042b2f3aa1f42af9ba20e1
verif/httparse_newline_string_harness_rlib/iter/impl_Bytes/peek_array4.coma	d17598160cf8df52327490e94c99992449505e8e85dc591af051f523db7de897
verif/httparse_newline_string_harness_rlib/iter/impl_Bytes/peek_array8.coma	d27c151338623e7e7aafc72e380395a13551204585d7c3fe61c027ea226ff6cc
verif/httparse_newline_string_harness_rlib/iter/impl_Bytes/peek_n.coma	4ec79caf3c059ad6d0658ac2dab58f52f89fecb776683b5f5373d9b82e16c731
verif/httparse_newline_string_harness_rlib/iter/impl_Bytes/pos.coma	48a8304d40e0217091ddbc9de5f73789e1320fdfac4359b5bb754541bd1e376c
verif/httparse_newline_string_harness_rlib/iter/impl_Bytes/set_cursor.coma	970e84161808a282b946d12832ce13bbbddc8b6d6fb07ee26205d6897ae9daaa
verif/httparse_newline_string_harness_rlib/iter/impl_Bytes/slice.coma	54319a3b3a3029d06797c7463c2a82ff0f41937bd62ed7f67ea0c7e8563d2e4e
verif/httparse_newline_string_harness_rlib/iter/impl_Bytes/slice_skip.coma	c0f70e5d7261dd4ec663e820b90ed12e211acfa0391483fe15434ac64a6e4644
verif/httparse_newline_string_harness_rlib/iter/impl_Bytes/start.coma	77bcf31472cfe05eb2e6f5c6d67b736f6ded43d7cd2c6260989771900d9144f1
verif/httparse_newline_string_harness_rlib/iter/impl_IteratorSpec_for_Bytes/produces_refl.coma	0b5b5847fdce6421915358eb960bff3db532c7abab6015d053926b7a8ae86327
verif/httparse_newline_string_harness_rlib/iter/impl_IteratorSpec_for_Bytes/produces_refl__refines.coma	47722a679d5bf7419c0feaae536a69bc89426dc98b0961ddda7753c502cf9bd8
verif/httparse_newline_string_harness_rlib/iter/impl_IteratorSpec_for_Bytes/produces_trans.coma	0a6e1ce317733bdc7aa421768c1b0ba1324bd7233fbca4af5922321e3a976c9b
verif/httparse_newline_string_harness_rlib/iter/impl_IteratorSpec_for_Bytes/produces_trans__refines.coma	9ce22b33a5705c471a4dc6dae44f6ac58e57a29b581cc8bbf1fc15497b5c2321
verif/httparse_newline_string_harness_rlib/iter/impl_Iterator_for_Bytes/next.coma	aef4072e16e927c8c3a9b76a33c31fee32ece7c38e8ebe36b5ff9c3136917258
verif/httparse_newline_string_harness_rlib/iter/impl_Iterator_for_Bytes/next__refines.coma	77b0e815c317f52dd5c8c38cf359ca035159aecae1ac910f409dcec76bc35336
verif/httparse_newline_string_harness_rlib/iter/slice_from_ptr_range.coma	cb680e79d52dc95812a8572405ab0be9f42174786764820558b9deb524e50ddd
verif/httparse_newline_string_harness_rlib/parse_newline.coma	9f35bee713232f3526a0dee224c903fd87f9bc15229e59c8d5f5eb2f8bc30765
verif/httparse_newline_string_harness_rlib/verification_model/accepted_prefix_span.coma	2e72077ce28fe0474d17bfee5385b8e9a5200e3e0eb6fce1ac2fe0e286da8369
verif/httparse_newline_string_harness_rlib/verification_model/cursor_slice_skip.coma	5950ce19a6446792260b976775d69486d1c662b599d4609dfc38c5d6bb3e9dac
verif/httparse_newline_string_harness_rlib/verification_model/impl_Clone_for_ByteClass/clone.coma	ff7034ca9452bad553add40205ed44cc961f3641d1c9f35144326e2994ffe51f
verif/httparse_newline_string_harness_rlib/verification_model/impl_Clone_for_CursorModel/clone.coma	bc41ccc20560a28814425f7036f2ae431bbbcdc57c9d6ea318a1841c81b8fc5c
verif/httparse_newline_string_harness_rlib/verification_model/impl_Clone_for_Span/clone.coma	8c8a9a7cdb9905f0376f4d505befa86af41d3decd0f69e082f0a1dad802a1965
verif/httparse_newline_string_harness_rlib/verification_model/impl_Clone_for_TokenOutcome/clone.coma	b25d8c3e65363c1b1a37e74e8734876f1c35ff0c2d82991c71b5337b7759bb6e
verif/httparse_newline_string_harness_rlib/verification_model/impl_Clone_for_TokenResult/clone.coma	b0514ae368db5991005f435f03a325536ba6a9fd9493c9765ed2a77a8c720a62
verif/httparse_newline_string_harness_rlib/verification_model/maximal_prefix_end.coma	ac10293a14310fd3c882ca371ee81826532738ee9f18a1499ba22eb7af1ac0e0
verif/httparse_newline_string_harness_rlib/verification_model/parse_token_model.coma	49e2b15b62ed7ef08038bd233aeaebbf96f9cffd4ae111128f20ee3021788cec
verif/httparse_newline_string_harness_rlib/verification_newline/impl_Clone_for_NewlineOutcome/clone.coma	06ccf8ffd1426431c28ddbb54161983ecb8690baef3de695ddbc35a9381a0374
verif/httparse_newline_string_harness_rlib/verification_newline/impl_Clone_for_NewlineResult/clone.coma	634c44288d2083f802a3c1aa267f6c7c4ab2d8ceaf8dcbd12877061f50fecc02
verif/httparse_newline_string_harness_rlib/verification_newline/parse_newline_model.coma	1cb5474304eebf379d61a56bd840124880b96bc248a802038430974784664239
