run_id	20261005T181420Z
translation	/workspace/httparse-cloud-resume/tools/creusot-toolpatch/constant-index-gate/fixture/evidence/translation-20261005T171915Z-41293
work_dir	/workspace/httparse-tool-rebuild/string-model/constant-index-gate-20261005T171915Z-41293
compiler	/workspace/httparse-tool-rebuild/constant-index-gate/20261005T164215Z-30559/target/debug/creusot-rustc
compiler_sha256	49e855f2d3222a7cd294e0b64e75a637207ad08207e97cda01390ce54c8694ac
source_sha256	9eed52838a5f5bb0ce19e26bef90b878551239c095c3416360bd277c30c3a49c
get_witness_coma_sha256	3b97b139d624b7502fde776a10034ff7d37c5084cf2ef45cee023db5031158aa
get_pattern_coma_sha256	34aebbaa915b266961916148f1ec9bc0afc6cba3a1191fb53be9eeafcc3b4450
prelude_sha256	cca0368e966eacff2188dae670d35678fd95e801a2fce5a3154a61d300b2798b
why3_base_data	/workspace/proof-tools/creusot-data/_opam/share/why3
why3	/workspace/httparse-tool-rebuild/string-model/creusot-data/bin/why3
why3_version	Why3 platform, version 1.8.2+git
prover	Z3,4.15.3
per_goal_timelimit_seconds	30
per_goal_memlimit_MiB	1000
running_provers_max	1
config	/tmp/itoa-proof-config.1Dny1E/creusot/why3.conf
config_sha256	8bcc5dbb29bd1dfb8586f63d00b6592680468dbefe76d7a688101063000fbafe
