path	expected_sha256	actual_sha256	result
creusot-std/src/ghost.rs	85f276ce0e0fcb71387ac3bd129739324ffc456a5cfddca0bca8ff0e633fc6d6	85f276ce0e0fcb71387ac3bd129739324ffc456a5cfddca0bca8ff0e633fc6d6	match
creusot-std/src/invariant.rs	70eb036a7ab0c43d3af877f7ffcf8346148edc1e64224b296ab5de93ef7e990f	70eb036a7ab0c43d3af877f7ffcf8346148edc1e64224b296ab5de93ef7e990f	match
creusot-std/src/logic/int.rs	c74257e504da71c00ab041f1f3d000432b5d2e00d2fb6187d13c21aa465f2833	c74257e504da71c00ab041f1f3d000432b5d2e00d2fb6187d13c21aa465f2833	match
creusot-std/src/logic/mapping.rs	0b2d49f70af93c35b740cd280597ec8ba4d85084ce549fffb4809f0c8177a2d6	0b2d49f70af93c35b740cd280597ec8ba4d85084ce549fffb4809f0c8177a2d6	match
creusot-std/src/logic/seq.rs	7eb7c51ac84cc7be2ab87a384979dd7aa50063d47fecc5b5cfcc5b434a11c70f	7eb7c51ac84cc7be2ab87a384979dd7aa50063d47fecc5b5cfcc5b434a11c70f	match
creusot-std/src/logic/well_founded.rs	45cd86f740254d8e33a50f4988d72d482e72d40e56e1a3f6b57d59be5d086b2b	45cd86f740254d8e33a50f4988d72d482e72d40e56e1a3f6b57d59be5d086b2b	match
creusot-std/src/model.rs	a774d52a986692f9b52d543f7b6e238a18d1c4c04b667242b06630df8f6f54ad	a774d52a986692f9b52d543f7b6e238a18d1c4c04b667242b06630df8f6f54ad	match
creusot-std/src/snapshot.rs	ef1c7f26f4caef6c7608e78472a74c8c8d860a2dab139236ebd68a8f6b174476	ef1c7f26f4caef6c7608e78472a74c8c8d860a2dab139236ebd68a8f6b174476	match
creusot-std/src/std/array.rs	280c68fd1512e08d457bddc414cf6943123050b2f7d6129beb28291aa0ee0a58	280c68fd1512e08d457bddc414cf6943123050b2f7d6129beb28291aa0ee0a58	match
creusot-std/src/std/char.rs	5d6108fd738ae1e3e84afcbff384ba7fb9a0cd9cfe0b16f7d8afb16e27d8ddb2	5d6108fd738ae1e3e84afcbff384ba7fb9a0cd9cfe0b16f7d8afb16e27d8ddb2	match
creusot-std/src/std/clone.rs	333dd9a281f5df14f3d59bdeabcc6ce75c282288f94cac94cd39bf60ad9d7b08	333dd9a281f5df14f3d59bdeabcc6ce75c282288f94cac94cd39bf60ad9d7b08	match
creusot-std/src/std/cmp.rs	5ac1369dc83c8274c5c94f44071a083622293b3d9b2cdb0d7bb1b12e23e8bd97	5ac1369dc83c8274c5c94f44071a083622293b3d9b2cdb0d7bb1b12e23e8bd97	match
creusot-std/src/std/convert.rs	5a4346a05298dbf71fe16b35718ac57552105426a4e4cc9161176b4bf3ae5348	5a4346a05298dbf71fe16b35718ac57552105426a4e4cc9161176b4bf3ae5348	match
creusot-std/src/std/fmt.rs	f20dcb5f088ee19b6e63cceebb52e237bb3f4603a821add5093e003dcadc5f85	f20dcb5f088ee19b6e63cceebb52e237bb3f4603a821add5093e003dcadc5f85	match
creusot-std/src/std/iter.rs	4735163be22e1583733e0a3e7ea08c514a099eef1a52b46e4b4709fc8122caea	4735163be22e1583733e0a3e7ea08c514a099eef1a52b46e4b4709fc8122caea	match
creusot-std/src/std/mem.rs	f1d90dce02e7ef410da7c226c06c9c4be34795263c7a1fe21c35366cc34d8786	f1d90dce02e7ef410da7c226c06c9c4be34795263c7a1fe21c35366cc34d8786	match
creusot-std/src/std/num.rs	b777d9fb2cc922148df8718b9a175d249de2174fc5d57f22cf24a63af91256d2	b777d9fb2cc922148df8718b9a175d249de2174fc5d57f22cf24a63af91256d2	match
creusot-std/src/std/ops.rs	d582cf9892b4f6b6511ef41959838b51504a242f4e726d1d1046afb750fc315a	d582cf9892b4f6b6511ef41959838b51504a242f4e726d1d1046afb750fc315a	match
creusot-std/src/std/ptr.rs	e7aaf642680aaed7229cb185aedd8cea81a2624fd8c48774f3203edc1a134829	e7aaf642680aaed7229cb185aedd8cea81a2624fd8c48774f3203edc1a134829	match
creusot-std/src/std/result.rs	31b6fd32c984343123ea8cdde2eced7fe91d33e43534faa6d511213790fbdd17	31b6fd32c984343123ea8cdde2eced7fe91d33e43534faa6d511213790fbdd17	match
creusot-std/src/std/slice.rs	07ffe0cc8dfabab4b26da57d28aec80007a4b09491563f4f53bbeeb69756b7cc	07ffe0cc8dfabab4b26da57d28aec80007a4b09491563f4f53bbeeb69756b7cc	match
creusot-std/src/std/string.rs	e51e9dd373e683c63c424aca31bb4850f0437e1c5c56c325c8590e46670957df	e51e9dd373e683c63c424aca31bb4850f0437e1c5c56c325c8590e46670957df	match
