order	target	status
01	iter/impl_Bytes/byte_permission	TypeOnlyOK
02	iter/impl_Bytes/peek	TypeOnlyOK
03	iter/impl_Bytes/advance	TypeOnlyOK
04	iter/impl_Bytes/bump	TypeOnlyOK
05	iter/bytes_subsequence_head	TypeOnlyOK
06	iter/impl_Iterator_for_Bytes/next	TypeOnlyOK
07	iter/impl_Iterator_for_Bytes/next__refines	TypeOnlyOK
08	iter/impl_Bytes/commit	TypeOnlyOK
09	iter/slice_from_ptr_range	TypeOnlyOK
10	iter/impl_Bytes/slice	TypeOnlyOK
11	verification_empty_lines/complete_line_ending_at	TypeOnlyOK
12	verification_empty_lines/complete_line_prefix	TypeOnlyOK
13	verification_empty_lines/complete_line_prefix_end	TypeOnlyOK
14	verification_empty_lines/complete_line_prefix_concat	TypeOnlyOK
15	verification_empty_lines/complete_line_prefix_extend_crlf	TypeOnlyOK
16	verification_empty_lines/complete_line_prefix_extend_lf	TypeOnlyOK
17	verification_empty_lines/complete_line_prefix_cursor_induction	TypeOnlyOK
18	verification_empty_lines/complete_line_prefix_at_cursor	TypeOnlyOK
19	verification_empty_lines/skip_empty_lines_model	TypeOnlyOK
20	skip_empty_lines	TypeOnlyOK
