component,symbol,proof_json_path,proof_json_sha256,status,integrated_original_runtime,direct_source_hash_match_now,original_api,receipt
bounded-ops,bounded_chunk,bytes_bounded_ops_rlib/bounded_ops/bounded_chunk/proof.json,2defae5234342719a95855252a76d5f3dedd152987287fa2b12e269d1dc0ffb9,archived_isolated_body_evidence_under_contract,false,true,helper_or_probe_symbol_not_public_API_completion,verification/artifacts/component-evidence/bounded-ops/component.json
bounded-ops,bounded_len,bytes_bounded_ops_rlib/bounded_ops/bounded_len/proof.json,d67bd0b0e98ff88f08987f66ba1d03364bf930357ffaca94b838179e1712a17d,archived_isolated_body_evidence_under_contract,false,true,helper_or_probe_symbol_not_public_API_completion,verification/artifacts/component-evidence/bounded-ops/component.json
bounded-ops,decrease_limit,bytes_bounded_ops_rlib/bounded_ops/decrease_limit/proof.json,e5ec843ea7ac5ab93cc7028ffbbf007291ba0e55c255ea756ef4d65fc0164ad8,archived_isolated_body_evidence_under_contract,false,true,helper_or_probe_symbol_not_public_API_completion,verification/artifacts/component-evidence/bounded-ops/component.json
bounded-ops,consume_budget,bytes_bounded_ops_rlib/consume_budget/proof.json,1e95785f428947a14b1bf1a5dfbfa2c3ca2bc3829eed1831e025e77cb4ba2c7c,archived_isolated_body_evidence_under_contract,false,true,helper_or_probe_symbol_not_public_API_completion,verification/artifacts/component-evidence/bounded-ops/component.json
bounded-ops,take_chunk,bytes_bounded_ops_rlib/take_chunk/proof.json,2c378ba3263243c27eab361fc730e171a04ac50cb8a10ed56a23c31b01dd4390,archived_isolated_body_evidence_under_contract,false,true,helper_or_probe_symbol_not_public_API_completion,verification/artifacts/component-evidence/bounded-ops/component.json
byte-codecs,decode_be_u16,bytes_byte_codecs_rlib/byte_codec_ops/decode_be_u16/proof.json,a1db75f095dc3a595d28aaabf1e5574bce07bddc94dd38c0f67cbc1d2f3625b2,archived_isolated_body_evidence_under_contract,false,true,helper_or_probe_symbol_not_public_API_completion,verification/artifacts/component-evidence/byte-codecs/component.json
byte-codecs,decode_be_u32,bytes_byte_codecs_rlib/byte_codec_ops/decode_be_u32/proof.json,2cd9bfab52d7eb3e010e96b7107be1609e78c5748651ce7ce1f00ef3861ffb9a,archived_isolated_body_evidence_under_contract,false,true,helper_or_probe_symbol_not_public_API_completion,verification/artifacts/component-evidence/byte-codecs/component.json
byte-codecs,encode_be_u16,bytes_byte_codecs_rlib/byte_codec_ops/encode_be_u16/proof.json,4db57a3cd94443f2d3a36175a8e0616f0c7322b8f19a715e7d4f7175766fd2fc,archived_isolated_body_evidence_under_contract,false,true,helper_or_probe_symbol_not_public_API_completion,verification/artifacts/component-evidence/byte-codecs/component.json
byte-codecs,encode_be_u32,bytes_byte_codecs_rlib/byte_codec_ops/encode_be_u32/proof.json,83f39a97264dfb589477d4b544527bf17f81fa92f8cbfe52969073415bce16ba,archived_isolated_body_evidence_under_contract,false,true,helper_or_probe_symbol_not_public_API_completion,verification/artifacts/component-evidence/byte-codecs/component.json
byte-codecs,reconstruct_u32,bytes_byte_codecs_rlib/reconstruct_u32/proof.json,3047f53df3444701030ac1a5cf6480dc74226a8a6b9a2da69110aea67bc85ab8,archived_isolated_body_evidence_under_contract,false,true,helper_or_probe_symbol_not_public_API_completion,verification/artifacts/component-evidence/byte-codecs/component.json
byte-codecs,round_trip_u16,bytes_byte_codecs_rlib/round_trip_u16/proof.json,b9cab9674042fe443021734cb64647ecd3b31865bbfd9ef95f11cd00354fef18,archived_isolated_body_evidence_under_contract,false,true,helper_or_probe_symbol_not_public_API_completion,verification/artifacts/component-evidence/byte-codecs/component.json
byte-codecs,round_trip_u32,bytes_byte_codecs_rlib/round_trip_u32/proof.json,9bab9101d45ab53306fb049089d68ff9a8d018993d3abea82e599cdd3d38b00e,archived_isolated_body_evidence_under_contract,false,true,helper_or_probe_symbol_not_public_API_completion,verification/artifacts/component-evidence/byte-codecs/component.json
capacity-ops,original_capacity_from_repr,bytes_capacity_ops_rlib/capacity_ops/original_capacity_from_repr/proof.json,414af05fe9d72030700f2a4f812e8151d74c01b24b1b85b408f7dc741ed5c1d3,archived_isolated_body_evidence_under_contract,false,false,helper_or_probe_symbol_not_public_API_completion,verification/artifacts/component-evidence/capacity-ops/component.json
capacity-ops,original_capacity_repr_from_data,bytes_capacity_ops_rlib/capacity_ops/original_capacity_repr_from_data/proof.json,112096f545c4b470d8717d4bcf1833842034511db89e5ffb1fb36305b2e85d1e,archived_isolated_body_evidence_under_contract,false,false,helper_or_probe_symbol_not_public_API_completion,verification/artifacts/component-evidence/capacity-ops/component.json
capacity-ops,original_capacity_to_repr,bytes_capacity_ops_rlib/capacity_ops/original_capacity_to_repr/proof.json,8afe185edf0c3a9317d7e0f6693cf81b8325f70b6b398a234cb95db905a4a17c,archived_isolated_body_evidence_under_contract,false,false,helper_or_probe_symbol_not_public_API_completion,verification/artifacts/component-evidence/capacity-ops/component.json
capacity-ops,pack_vec_metadata,bytes_capacity_ops_rlib/capacity_ops/pack_vec_metadata/proof.json,6d1ee81876f86c5029513593e4b6cbffa4763d1bbf396632425af72ba2341b57,archived_isolated_body_evidence_under_contract,false,false,helper_or_probe_symbol_not_public_API_completion,verification/artifacts/component-evidence/capacity-ops/component.json
capacity-ops,reconstructed_original_capacity,bytes_capacity_ops_rlib/capacity_ops/reconstructed_original_capacity/proof.json,b01c5338054794bab5e0db0e2657371778b612d7a53928afc1624d06433e3292,archived_isolated_body_evidence_under_contract,false,false,helper_or_probe_symbol_not_public_API_completion,verification/artifacts/component-evidence/capacity-ops/component.json
capacity-ops,set_vec_pos_in_data,bytes_capacity_ops_rlib/capacity_ops/set_vec_pos_in_data/proof.json,d22806f861a8cee41ece0c304230b47680355a0c78afe4a1edb63bc611db8d87,archived_isolated_body_evidence_under_contract,false,false,helper_or_probe_symbol_not_public_API_completion,verification/artifacts/component-evidence/capacity-ops/component.json
capacity-ops,vec_pos_from_data,bytes_capacity_ops_rlib/capacity_ops/vec_pos_from_data/proof.json,aa33ea5013b27c450aaada61a3549f905a43fda1ea3c9d88ea3c3f191a728e01,archived_isolated_body_evidence_under_contract,false,false,helper_or_probe_symbol_not_public_API_completion,verification/artifacts/component-evidence/capacity-ops/component.json
capacity-ops,decode_capacity,bytes_capacity_ops_rlib/decode_capacity/proof.json,cce8f8dd902b53043e4715191a1f801b319ccf4cc6b3795a559e1b690468ece0,archived_isolated_body_evidence_under_contract,false,false,helper_or_probe_symbol_not_public_API_completion,verification/artifacts/component-evidence/capacity-ops/component.json
capacity-ops,encode_capacity,bytes_capacity_ops_rlib/encode_capacity/proof.json,0786871ec85153db477238e8e7d1914ace5ce2687f95b026dd7319892f3c034d,archived_isolated_body_evidence_under_contract,false,false,helper_or_probe_symbol_not_public_API_completion,verification/artifacts/component-evidence/capacity-ops/component.json
capacity-ops,kind_after_position_update,bytes_capacity_ops_rlib/kind_after_position_update/proof.json,b919fbf308093daf88f454c3a791201395ae6d2fc40753f0220f23f97bf5a16a,archived_isolated_body_evidence_under_contract,false,false,helper_or_probe_symbol_not_public_API_completion,verification/artifacts/component-evidence/capacity-ops/component.json
capacity-ops,low_metadata_after_position_update,bytes_capacity_ops_rlib/low_metadata_after_position_update/proof.json,82988a4eeef28c297ed11b981609500f9c4ee447581d1ca6027331a2c853c5ed,archived_isolated_body_evidence_under_contract,false,false,helper_or_probe_symbol_not_public_API_completion,verification/artifacts/component-evidence/capacity-ops/component.json
capacity-ops,packed_repr_roundtrip,bytes_capacity_ops_rlib/packed_repr_roundtrip/proof.json,3a304d2e578bb2e8ffda6497e7041757c2bca605330dafb0ed7720e783230568,archived_isolated_body_evidence_under_contract,false,false,helper_or_probe_symbol_not_public_API_completion,verification/artifacts/component-evidence/capacity-ops/component.json
capacity-ops,reconstructed_capacity,bytes_capacity_ops_rlib/reconstructed_capacity/proof.json,730354ded66512585695d00d6062a02b331f04cc04290604c2a723139f524373,archived_isolated_body_evidence_under_contract,false,false,helper_or_probe_symbol_not_public_API_completion,verification/artifacts/component-evidence/capacity-ops/component.json
capacity-ops,updated_vec_position,bytes_capacity_ops_rlib/updated_vec_position/proof.json,622fd96da1144a4621a20d3115b0e244ba5a0b3f0d57ad85de871e08053e95ac,archived_isolated_body_evidence_under_contract,false,false,helper_or_probe_symbol_not_public_API_completion,verification/artifacts/component-evidence/capacity-ops/component.json
chain-ops,boundary_cases,bytes_runtime_chain_ops_rlib/boundary_cases/proof.json,42c68e12728236ae2e598973d17016b50d327f7e2813741114e9206bdbccefe5,archived_isolated_body_evidence_under_contract,false,true,helper_or_probe_symbol_not_public_API_completion,verification/artifacts/component-evidence/chain-ops/component.json
chain-ops,saturating_sum,bytes_runtime_chain_ops_rlib/chain_ops/saturating_sum/proof.json,afcc539f9f1084f21b47307b62b1d41f2a920cca8e9b00c757dba58a6cee6aa8,archived_isolated_body_evidence_under_contract,false,true,helper_or_probe_symbol_not_public_API_completion,verification/artifacts/component-evidence/chain-ops/component.json
chain-ops,split_count,bytes_runtime_chain_ops_rlib/chain_ops/split_count/proof.json,a661c89dc8e80de560c4288991bff17b5af6ac5b32008cbaef87fcbc7d2bca58,archived_isolated_body_evidence_under_contract,false,true,helper_or_probe_symbol_not_public_API_completion,verification/artifacts/component-evidence/chain-ops/component.json
chain-ops,split_exact,bytes_runtime_chain_ops_rlib/split_exact/proof.json,270f6d3309838477fa2f79563e15b81e0e4094e8240028920030bfe048fbce49,archived_isolated_body_evidence_under_contract,false,true,helper_or_probe_symbol_not_public_API_completion,verification/artifacts/component-evidence/chain-ops/component.json
chain-ops,sum_exact,bytes_runtime_chain_ops_rlib/sum_exact/proof.json,48d9b918a18e3792d3d13de1da97c222e852b910f418f44cabfac0117ee4ecab,archived_isolated_body_evidence_under_contract,false,true,helper_or_probe_symbol_not_public_API_completion,verification/artifacts/component-evidence/chain-ops/component.json
comparison-ops,compare_equal,bytes_comparison_ops_rlib/compare_equal/proof.json,55d82453f37754b4ae4fb3b578257162a88b6952568ac4456ab6d7e2bc09ff52,archived_isolated_body_evidence_under_contract,false,true,helper_or_probe_symbol_not_public_API_completion,verification/artifacts/component-evidence/comparison-ops/component.json
comparison-ops,compare,bytes_comparison_ops_rlib/comparison_ops/compare/proof.json,f88fcbe70a315fbdfff3d17c27b0576a0239671d4233c861844c1df820e84b5b,archived_isolated_body_evidence_under_contract,false,true,helper_or_probe_symbol_not_public_API_completion,verification/artifacts/component-evidence/comparison-ops/component.json
comparison-ops,equal,bytes_comparison_ops_rlib/comparison_ops/equal/proof.json,ec3d247fcb23c253b33b014ba8e4f52b06aac53ecbc88acbac98489c876c6bc6,archived_isolated_body_evidence_under_contract,false,true,helper_or_probe_symbol_not_public_API_completion,verification/artifacts/component-evidence/comparison-ops/component.json
cursor-ops,advance_position,bytes_cursor_ops_rlib/advance_position/proof.json,60be5f29ad3835114b06b54e3f7c345338a3d8ad1b6d1276e49fd1c844c0c64a,archived_isolated_body_evidence_under_contract,false,true,helper_or_probe_symbol_not_public_API_completion,verification/artifacts/component-evidence/cursor-ops/component.json
cursor-ops,min_u64_usize,bytes_cursor_ops_rlib/arithmetic/min_u64_usize/proof.json,c762200644dd1c59fcae9b3c612f4d456887fe2dd1f2728beddebaa3c91c4e62,archived_isolated_body_evidence_under_contract,false,true,helper_or_probe_symbol_not_public_API_completion,verification/artifacts/component-evidence/cursor-ops/component.json
cursor-ops,saturating_sub_usize_u64,bytes_cursor_ops_rlib/arithmetic/saturating_sub_usize_u64/proof.json,be9e16f42503203b434f269aa04b82349c79f508be343f79b69c86e036f51279,archived_isolated_body_evidence_under_contract,false,true,helper_or_probe_symbol_not_public_API_completion,verification/artifacts/component-evidence/cursor-ops/component.json
cursor-ops,chunk,bytes_cursor_ops_rlib/chunk/proof.json,0fe843d41a1ac2291d596d88d7943583fd450f9f61951a6aef2cb28c562f938d,archived_isolated_body_evidence_under_contract,false,true,helper_or_probe_symbol_not_public_API_completion,verification/artifacts/component-evidence/cursor-ops/component.json
cursor-ops,cursor_chunk,bytes_cursor_ops_rlib/cursor_ops/cursor_chunk/proof.json,4aeca362013a396a221fd3f5d6e4785a5fa8b00589aedc217b12c976ab14d652,archived_isolated_body_evidence_under_contract,false,true,helper_or_probe_symbol_not_public_API_completion,verification/artifacts/component-evidence/cursor-ops/component.json
cursor-ops,cursor_chunk_start,bytes_cursor_ops_rlib/cursor_ops/cursor_chunk_start/proof.json,63d4718100bcb4168253d9acc36099a263f0bf21be1c5c793fdacd937d7adcd8,archived_isolated_body_evidence_under_contract,false,true,helper_or_probe_symbol_not_public_API_completion,verification/artifacts/component-evidence/cursor-ops/component.json
cursor-ops,cursor_position_after_advance,bytes_cursor_ops_rlib/cursor_ops/cursor_position_after_advance/proof.json,b58c9e86d048fb9564b389d00cb3a4e9bd3e8eeeb6c424b10a121c183b65bd10,archived_isolated_body_evidence_under_contract,false,true,helper_or_probe_symbol_not_public_API_completion,verification/artifacts/component-evidence/cursor-ops/component.json
cursor-ops,cursor_remaining,bytes_cursor_ops_rlib/cursor_ops/cursor_remaining/proof.json,562cc6a12d9d8b5346089b8ca6339760bb3d131ace855d78cde26fc2249a13ef,archived_isolated_body_evidence_under_contract,false,true,helper_or_probe_symbol_not_public_API_completion,verification/artifacts/component-evidence/cursor-ops/component.json
cursor-ops,positive_cases,bytes_cursor_ops_rlib/positive_cases/proof.json,6f13ac0077332f914604889b21c608378a81f7407c006d2c84122ad0e262fc4a,archived_isolated_body_evidence_under_contract,false,true,helper_or_probe_symbol_not_public_API_completion,verification/artifacts/component-evidence/cursor-ops/component.json
cursor-ops,remaining,bytes_cursor_ops_rlib/remaining/proof.json,31056fe8667dfd8599fac257dc2b869268474dbf0bfa76e0487605e8b364a07a,archived_isolated_body_evidence_under_contract,false,true,helper_or_probe_symbol_not_public_API_completion,verification/artifacts/component-evidence/cursor-ops/component.json
deallocation,free_boxed_slice,bytes_deallocation_body_rlib/free_boxed_slice/proof.json,74a0a68bf4f7962ec9a361262b18af361c7809f3ef30f0cad2e8b358c5136363,archived_isolated_body_evidence_under_contract,false,false,helper_or_probe_symbol_not_public_API_completion,verification/artifacts/component-evidence/deallocation/component.json
deallocation,release_suffix,bytes_deallocation_body_rlib/release_suffix/proof.json,00c9eba99b5d8a6caba792a425ce5c1c87e6d209375dfb18b8250d8465e8aab0,archived_isolated_body_evidence_under_contract,false,false,helper_or_probe_symbol_not_public_API_completion,verification/artifacts/component-evidence/deallocation/component.json
endian-ops,decode_be_u16,bytes_endian_ops_rlib/byte_codec_ops/decode_be_u16/proof.json,f4f975bb6ece17dd1acd5b28223f6a1c29f5d34e2a344063e60b004cbadc3437,archived_isolated_body_evidence_under_contract,false,false,helper_or_probe_symbol_not_public_API_completion,verification/artifacts/component-evidence/endian-ops/component.json
endian-ops,decode_be_u32,bytes_endian_ops_rlib/byte_codec_ops/decode_be_u32/proof.json,088a2e09dfabe5d604fa7d2f4aec367c60d13cf3b6dbe73157f33752e528c50c,archived_isolated_body_evidence_under_contract,false,false,helper_or_probe_symbol_not_public_API_completion,verification/artifacts/component-evidence/endian-ops/component.json
endian-ops,encode_be_u16,bytes_endian_ops_rlib/byte_codec_ops/encode_be_u16/proof.json,c2c0c10570e9e6fb9eea3cdc049fa583873a91a92037cf8d8e2ed95a90ee2f08,archived_isolated_body_evidence_under_contract,false,false,helper_or_probe_symbol_not_public_API_completion,verification/artifacts/component-evidence/endian-ops/component.json
endian-ops,encode_be_u32,bytes_endian_ops_rlib/byte_codec_ops/encode_be_u32/proof.json,5282bb6f9bc7b26b4131d7173abedd295fe69223aded67421db5923db702bedc,archived_isolated_body_evidence_under_contract,false,false,helper_or_probe_symbol_not_public_API_completion,verification/artifacts/component-evidence/endian-ops/component.json
endian-ops,encode_le_u16,bytes_endian_ops_rlib/encode_le_u16/proof.json,92c0dcfa4e2810a3aff6002ab4ffa7065a775a4929de00ecfee67b1857c8cd76,archived_isolated_body_evidence_under_contract,false,false,helper_or_probe_symbol_not_public_API_completion,verification/artifacts/component-evidence/endian-ops/component.json
endian-ops,encode_le_u32,bytes_endian_ops_rlib/encode_le_u32/proof.json,cc944d3a5eb50e2ad3b482065d4e1a7a109591209983b84aa1273f19a6271866,archived_isolated_body_evidence_under_contract,false,false,helper_or_probe_symbol_not_public_API_completion,verification/artifacts/component-evidence/endian-ops/component.json
endian-ops,encode_le_u16,bytes_endian_ops_rlib/endian_ops/encode_le_u16/proof.json,d4b9f808ade8a54bfee30d07bb25c63e902816c9f3404cd18255455f004b3745,archived_isolated_body_evidence_under_contract,false,false,helper_or_probe_symbol_not_public_API_completion,verification/artifacts/component-evidence/endian-ops/component.json
endian-ops,encode_le_u32,bytes_endian_ops_rlib/endian_ops/encode_le_u32/proof.json,3e9eaeaed7f1ec5f132a48123a1e3f00435b574a1bade3ad14ff607ebb28c4af,archived_isolated_body_evidence_under_contract,false,false,helper_or_probe_symbol_not_public_API_completion,verification/artifacts/component-evidence/endian-ops/component.json
endian-ops,read_be_i16,bytes_endian_ops_rlib/endian_ops/read_be_i16/proof.json,0e9ba2409c31aaa5206484586073804cf330d185e3b5ef69e83b4be2168a462e,archived_isolated_body_evidence_under_contract,false,false,helper_or_probe_symbol_not_public_API_completion,verification/artifacts/component-evidence/endian-ops/component.json
endian-ops,read_be_i32,bytes_endian_ops_rlib/endian_ops/read_be_i32/proof.json,b2453815816fcd56b649a58f2a0bdbabef2ecbd742ceb099c1dd3bb0ce453925,archived_isolated_body_evidence_under_contract,false,false,helper_or_probe_symbol_not_public_API_completion,verification/artifacts/component-evidence/endian-ops/component.json
endian-ops,read_le_i16,bytes_endian_ops_rlib/endian_ops/read_le_i16/proof.json,f12bbdc919ef3a8493de14d684866efbfea49fd05c7238b9625c4695addce20e,archived_isolated_body_evidence_under_contract,false,false,helper_or_probe_symbol_not_public_API_completion,verification/artifacts/component-evidence/endian-ops/component.json
endian-ops,read_le_i32,bytes_endian_ops_rlib/endian_ops/read_le_i32/proof.json,b0fd754691ee9a6d2daa8ad6c25442d407aa5ee98f65217816785b1bef387758,archived_isolated_body_evidence_under_contract,false,false,helper_or_probe_symbol_not_public_API_completion,verification/artifacts/component-evidence/endian-ops/component.json
endian-ops,read_le_u16,bytes_endian_ops_rlib/endian_ops/read_le_u16/proof.json,2ff1f893886472d0ac32a264f6908711197b660030207072f5125415f7998df8,archived_isolated_body_evidence_under_contract,false,false,helper_or_probe_symbol_not_public_API_completion,verification/artifacts/component-evidence/endian-ops/component.json
endian-ops,read_le_u32,bytes_endian_ops_rlib/endian_ops/read_le_u32/proof.json,0c0fc6f742be038dc84a4f8b2cb1b3f7a8fc498ab72db4ce70615cbc8c292698,archived_isolated_body_evidence_under_contract,false,false,helper_or_probe_symbol_not_public_API_completion,verification/artifacts/component-evidence/endian-ops/component.json
endian-ops,signed_from_u16,bytes_endian_ops_rlib/endian_ops/signed_from_u16/proof.json,cb42618285b9d48dd5d842e7bc8f2fd8ab6002c297b6cfd86ae386514d08d399,archived_isolated_body_evidence_under_contract,false,false,helper_or_probe_symbol_not_public_API_completion,verification/artifacts/component-evidence/endian-ops/component.json
endian-ops,signed_from_u32,bytes_endian_ops_rlib/endian_ops/signed_from_u32/proof.json,e738af7d37795651d2becad136ecc75f327bd7265c5a17c79e253a8c63231f5e,archived_isolated_body_evidence_under_contract,false,false,helper_or_probe_symbol_not_public_API_completion,verification/artifacts/component-evidence/endian-ops/component.json
endian-ops,read_be_i16,bytes_endian_ops_rlib/read_be_i16/proof.json,6d24d30b77a1472adfc9240b800e2a1ea8dbbf1dfb9850c9aac277e0d2ca9ff6,archived_isolated_body_evidence_under_contract,false,false,helper_or_probe_symbol_not_public_API_completion,verification/artifacts/component-evidence/endian-ops/component.json
endian-ops,read_be_i32,bytes_endian_ops_rlib/read_be_i32/proof.json,5b714b6947c1dc252a2d1c4a0815a0bcee14cc13a0a352cc810434b9ba0a6077,archived_isolated_body_evidence_under_contract,false,false,helper_or_probe_symbol_not_public_API_completion,verification/artifacts/component-evidence/endian-ops/component.json
endian-ops,read_le_i16,bytes_endian_ops_rlib/read_le_i16/proof.json,3e29d6685ca1f4ee08106975c8defcc7c6354f96b3fa77c527f734200e8e92af,archived_isolated_body_evidence_under_contract,false,false,helper_or_probe_symbol_not_public_API_completion,verification/artifacts/component-evidence/endian-ops/component.json
endian-ops,read_le_i32,bytes_endian_ops_rlib/read_le_i32/proof.json,5bcca19f56a897d19dcd35f00916681c77590a252a2be21320ec076782b9b146,archived_isolated_body_evidence_under_contract,false,false,helper_or_probe_symbol_not_public_API_completion,verification/artifacts/component-evidence/endian-ops/component.json
endian-ops,read_le_u16,bytes_endian_ops_rlib/read_le_u16/proof.json,5e95cdcc55804f730044394998dedfab52cea04fefee92a74422fd8b003bb2be,archived_isolated_body_evidence_under_contract,false,false,helper_or_probe_symbol_not_public_API_completion,verification/artifacts/component-evidence/endian-ops/component.json
endian-ops,read_le_u32,bytes_endian_ops_rlib/read_le_u32/proof.json,5ffb0e0ca1d2cd363276f1d16cca46f5b75f037fdec32d57301d7a597b822240,archived_isolated_body_evidence_under_contract,false,false,helper_or_probe_symbol_not_public_API_completion,verification/artifacts/component-evidence/endian-ops/component.json
endian-ops,advance_slice,bytes_endian_ops_rlib/slice_ops/advance_slice/proof.json,4e65ab85f95a773aedba0bc3e67644a3c49a853d7f110eba546ded4b75bfbd21,archived_isolated_body_evidence_under_contract,false,false,helper_or_probe_symbol_not_public_API_completion,verification/artifacts/component-evidence/endian-ops/component.json
endian-ops,copy_to_slice,bytes_endian_ops_rlib/slice_ops/copy_to_slice/proof.json,645d91859c0c0778ef727e5c047cf4e607e8c1642c065b6bbfab2f29a2d11ccf,archived_isolated_body_evidence_under_contract,false,false,helper_or_probe_symbol_not_public_API_completion,verification/artifacts/component-evidence/endian-ops/component.json
endian-ops,read_be_u16,bytes_endian_ops_rlib/slice_read_ops/read_be_u16/proof.json,44e9fbfb1f9c1a3d9fb27eac8368500e3474c3e98541f29312179aadd07c085f,archived_isolated_body_evidence_under_contract,false,false,helper_or_probe_symbol_not_public_API_completion,verification/artifacts/component-evidence/endian-ops/component.json
endian-ops,read_be_u32,bytes_endian_ops_rlib/slice_read_ops/read_be_u32/proof.json,7950d7777c8af7239c6b789ea3d36c784596ddbf6ff1d31551c6654eaac9f295,archived_isolated_body_evidence_under_contract,false,false,helper_or_probe_symbol_not_public_API_completion,verification/artifacts/component-evidence/endian-ops/component.json
endian-ops,read_u8,bytes_endian_ops_rlib/slice_read_ops/read_u8/proof.json,38f0535eaacb21f7e177575da32cb9b5fc5fa439f2acafb6334d8568177be95e,archived_isolated_body_evidence_under_contract,false,false,helper_or_probe_symbol_not_public_API_completion,verification/artifacts/component-evidence/endian-ops/component.json
helpers,min_u64_usize,bytes_runtime_helpers_rlib/arithmetic/min_u64_usize/proof.json,3d40993f1c4172255318fe01a3664adfeb79b5b6283ba0a1f0ab6ba7739d5287,archived_isolated_body_evidence_under_contract,false,true,helper_or_probe_symbol_not_public_API_completion,verification/artifacts/component-evidence/helpers/component.json
helpers,saturating_sub_usize_u64,bytes_runtime_helpers_rlib/arithmetic/saturating_sub_usize_u64/proof.json,3d98f4fbfb7ffcd2ab37e6a06708de1820d07a43f5e1809e8e9cae5dd143fb35,archived_isolated_body_evidence_under_contract,false,true,helper_or_probe_symbol_not_public_API_completion,verification/artifacts/component-evidence/helpers/component.json
helpers,minimum,bytes_runtime_helpers_rlib/minimum/proof.json,889367a4804a9ac19cd273691e9945a4744112ee1f2a320be739830cd29276a0,archived_isolated_body_evidence_under_contract,false,true,helper_or_probe_symbol_not_public_API_completion,verification/artifacts/component-evidence/helpers/component.json
helpers,positive_cases,bytes_runtime_helpers_rlib/positive_cases/proof.json,3078fa434aab4304a4c9bcdc8209b34426e10ced8c369f6c41aad884a95c47f2,archived_isolated_body_evidence_under_contract,false,true,helper_or_probe_symbol_not_public_API_completion,verification/artifacts/component-evidence/helpers/component.json
helpers,subtract,bytes_runtime_helpers_rlib/subtract/proof.json,59ffdf8731b12bf00133ef913eb46906979851b47cac726c435f5b7df5196c86,archived_isolated_body_evidence_under_contract,false,true,helper_or_probe_symbol_not_public_API_completion,verification/artifacts/component-evidence/helpers/component.json
initialized-storage,advance_initialized_slice,bytes_initialized_storage_rlib/advance_initialized_slice/proof.json,26d626841307b8456cf04607639d9e6f627a4489ea3245ca5bb12b0d50f22fa1,archived_isolated_body_evidence_under_contract,false,true,helper_or_probe_symbol_not_public_API_completion,verification/artifacts/component-evidence/initialized-storage/component.json
initialized-storage,advance_maybe_uninit_slice,bytes_initialized_storage_rlib/advance_maybe_uninit_slice/proof.json,70dcf7fcfc1329fed18ea4dfa4ffcf7f32acf1588c2c70fc8aec927e1abaf93d,archived_isolated_body_evidence_under_contract,false,true,helper_or_probe_symbol_not_public_API_completion,verification/artifacts/component-evidence/initialized-storage/component.json
initialized-storage,boxed_copy_window,bytes_initialized_storage_rlib/boxed_copy_window/proof.json,6df42f8b09f4c145b0348a8d8e86848681ef39af6cc5ed09993e5ed1e2dec024,archived_isolated_body_evidence_under_contract,false,true,helper_or_probe_symbol_not_public_API_completion,verification/artifacts/component-evidence/initialized-storage/component.json
initialized-storage,copy_initialized_prefix,bytes_initialized_storage_rlib/copy_initialized_prefix/proof.json,777ed999c2a9b607a26d027cfc3d218c482b0006fc70483bc3d6dfe681ee7dcb,archived_isolated_body_evidence_under_contract,false,true,helper_or_probe_symbol_not_public_API_completion,verification/artifacts/component-evidence/initialized-storage/component.json
initialized-storage,copy_window,bytes_initialized_storage_rlib/copy_window/proof.json,b7b4392a623dff73e3cb1f7b4ecb168683c5dd6156203573741085179398babb,archived_isolated_body_evidence_under_contract,false,true,helper_or_probe_symbol_not_public_API_completion,verification/artifacts/component-evidence/initialized-storage/component.json
initialized-storage,fill_initialized_prefix,bytes_initialized_storage_rlib/fill_initialized_prefix/proof.json,c87284b65df4dc77fdf546a2abeb5a2c64f6598f670841f99aae202625dade12,archived_isolated_body_evidence_under_contract,false,true,helper_or_probe_symbol_not_public_API_completion,verification/artifacts/component-evidence/initialized-storage/component.json
initialized-storage,advance_slice_mut,bytes_initialized_storage_rlib/slice_mut_ops/advance_slice_mut/proof.json,f69650ef13b383cb0cc28132f3716f3112a3098de328e3c3610545a0bd17495f,archived_isolated_body_evidence_under_contract,false,true,helper_or_probe_symbol_not_public_API_completion,verification/artifacts/component-evidence/initialized-storage/component.json
initialized-storage,copy_to_slice_mut,bytes_initialized_storage_rlib/slice_mut_ops/copy_to_slice_mut/proof.json,1f5559f26260066b2bd51b82ba0a3be57a9efe0f112c65650d89dea1ed235d2f,archived_isolated_body_evidence_under_contract,false,true,helper_or_probe_symbol_not_public_API_completion,verification/artifacts/component-evidence/initialized-storage/component.json
initialized-storage,fill_slice_mut,bytes_initialized_storage_rlib/slice_mut_ops/fill_slice_mut/proof.json,b53dfa15948cb1c58e5f71ca2951dc450ef093ecd4854aabe980c1c8eb2af395,archived_isolated_body_evidence_under_contract,false,true,helper_or_probe_symbol_not_public_API_completion,verification/artifacts/component-evidence/initialized-storage/component.json
initialized-storage,suffix_of_window,bytes_initialized_storage_rlib/suffix_of_window/proof.json,6ff5f3b88b29b74f341dafeb92e532389e7447d89ca68753f954dc853f09ca00,archived_isolated_body_evidence_under_contract,false,true,helper_or_probe_symbol_not_public_API_completion,verification/artifacts/component-evidence/initialized-storage/component.json
initialized-storage,write_disjoint_ends,bytes_initialized_storage_rlib/write_disjoint_ends/proof.json,383b6929fb46494175bc6e26cfc0d13b5accb4a7ea2850524e5aaea8067f14f4,archived_isolated_body_evidence_under_contract,false,true,helper_or_probe_symbol_not_public_API_completion,verification/artifacts/component-evidence/initialized-storage/component.json
initialized-storage,write_one,bytes_initialized_storage_rlib/write_one/proof.json,bf4860bb610f05afd6646b742f6e916db9beab16220617586c49fcf24d1687dc,archived_isolated_body_evidence_under_contract,false,true,helper_or_probe_symbol_not_public_API_completion,verification/artifacts/component-evidence/initialized-storage/component.json
initialized-storage,write_read_recover,bytes_initialized_storage_rlib/write_read_recover/proof.json,bf5bcc36a53aadf6f31ed5efe4998e8d83c1d8ce88bf209b6a61d57cff4e6959,archived_isolated_body_evidence_under_contract,false,true,helper_or_probe_symbol_not_public_API_completion,verification/artifacts/component-evidence/initialized-storage/component.json
ownership-frontier,write_disjoint_regions,bytes_ownership_frontier_rlib/borrowed_region/write_disjoint_regions/proof.json,e76d809b8c8ca08c9c7a08a14b0282ff905ae430fc880c4f9324e5d0a1a56abd,archived_isolated_body_evidence_under_contract,false,true,helper_or_probe_symbol_not_public_API_completion,verification/artifacts/component-evidence/ownership-frontier/component.json
ownership-frontier,borrowed_split_positive,bytes_ownership_frontier_rlib/borrowed_split_positive/proof.json,718087db16eeded8cb702abdc6845b4341ad3bbeb6640888ad24cb89fd8dcd63,archived_isolated_body_evidence_under_contract,false,true,helper_or_probe_symbol_not_public_API_completion,verification/artifacts/component-evidence/ownership-frontier/component.json
provenance-ops,metadata_pointer_has_address,bytes_provenance_ops_rlib/metadata_pointer_has_address/proof.json,91933aedd253c159f85210f4a6155fe9f1880f1df572d4c7ef9183ab56efec04,archived_isolated_body_evidence_under_contract,false,false,helper_or_probe_symbol_not_public_API_completion,verification/artifacts/component-evidence/provenance-ops/component.json
provenance-ops,metadata_pointer,bytes_provenance_ops_rlib/provenance_specs/metadata_pointer/proof.json,da7758db94e720115e8528afa4fcc45f0b976ff828468f738f315d7a6ccb6269,archived_isolated_body_evidence_under_contract,false,false,helper_or_probe_symbol_not_public_API_completion,verification/artifacts/component-evidence/provenance-ops/component.json
provenance-ops,pointer_addr,bytes_provenance_ops_rlib/provenance_specs/pointer_addr/proof.json,0f4be53825614e4d6e5b8e3f654bf3ff1eca1d905b3152a18099db789501d842,archived_isolated_body_evidence_under_contract,false,false,helper_or_probe_symbol_not_public_API_completion,verification/artifacts/component-evidence/provenance-ops/component.json
provenance-ops,pointer_with_address,bytes_provenance_ops_rlib/provenance_specs/pointer_with_address/proof.json,a6568faa33c0a588aa3ad8d8f8a642cb56a56fdec67a37820818be099f178535,archived_isolated_body_evidence_under_contract,false,false,helper_or_probe_symbol_not_public_API_completion,verification/artifacts/component-evidence/provenance-ops/component.json
provenance-ops,wrapping_offset,bytes_provenance_ops_rlib/provenance_specs/wrapping_offset/proof.json,f1e2bfb334a6e2be9a0bc4fdf650ce348287925874236647efeb3386411c1438,archived_isolated_body_evidence_under_contract,false,false,helper_or_probe_symbol_not_public_API_completion,verification/artifacts/component-evidence/provenance-ops/component.json
provenance-ops,tag_untag_address_roundtrip,bytes_provenance_ops_rlib/tag_untag_address_roundtrip/proof.json,bb29b6e8c4eb1fc6f8e1b1a0801db1fae8a07cbc39d426e7c9038c287c514eb6,archived_isolated_body_evidence_under_contract,false,false,helper_or_probe_symbol_not_public_API_completion,verification/artifacts/component-evidence/provenance-ops/component.json
provenance-ops,tag_vec_ptr,bytes_provenance_ops_rlib/tag_vec_ptr/proof.json,2b12e418deac3afe753ad392c22096e05e23b3e2dad843dc138721fb56f26949,archived_isolated_body_evidence_under_contract,false,false,helper_or_probe_symbol_not_public_API_completion,verification/artifacts/component-evidence/provenance-ops/component.json
provenance-ops,untag_vec_ptr,bytes_provenance_ops_rlib/untag_vec_ptr/proof.json,61b5b99e741cd970a2077c3f048541d2692bd02632bdb9b128bd2f2e493ca903,archived_isolated_body_evidence_under_contract,false,false,helper_or_probe_symbol_not_public_API_completion,verification/artifacts/component-evidence/provenance-ops/component.json
region-permissions,write_disjoint_regions,bytes_region_permissions_rlib/write_disjoint_regions/proof.json,4be26737c33760b43f02ba729338e8b203e1dab6aae91045a866b6901fe42a9b,archived_isolated_body_evidence_under_contract,false,false,helper_or_probe_symbol_not_public_API_completion,verification/artifacts/component-evidence/region-permissions/component.json
signed-wide-ops,decode_be_u128,bytes_runtime_signed_wide_ops_rlib/byte_codec_wide_ops/decode_be_u128/proof.json,2f972123e3c1c0d8d2ae014fbbf5aa3ae24c53e107c7c52bd30ccf99dabcb31d,archived_isolated_body_evidence_under_contract,false,false,helper_or_probe_symbol_not_public_API_completion,verification/artifacts/component-evidence/signed-wide-ops/component.json
signed-wide-ops,decode_be_u64,bytes_runtime_signed_wide_ops_rlib/byte_codec_wide_ops/decode_be_u64/proof.json,9df127aa07834f37d829ddcdcbc335b5d2dafd7426e2472be5a1f022817daa41,archived_isolated_body_evidence_under_contract,false,false,helper_or_probe_symbol_not_public_API_completion,verification/artifacts/component-evidence/signed-wide-ops/component.json
signed-wide-ops,decode_le_u128,bytes_runtime_signed_wide_ops_rlib/byte_codec_wide_ops/decode_le_u128/proof.json,d68e1f25144b20e326068b49b45227dc2e1478a51b09a6415f8d1f9b38d5534f,archived_isolated_body_evidence_under_contract,false,false,helper_or_probe_symbol_not_public_API_completion,verification/artifacts/component-evidence/signed-wide-ops/component.json
signed-wide-ops,decode_le_u64,bytes_runtime_signed_wide_ops_rlib/byte_codec_wide_ops/decode_le_u64/proof.json,086df37d3116624d7d6e182b7fac2c6f8d63c00a38aa8bad91d3b117978d5692,archived_isolated_body_evidence_under_contract,false,false,helper_or_probe_symbol_not_public_API_completion,verification/artifacts/component-evidence/signed-wide-ops/component.json
signed-wide-ops,encode_be_u128,bytes_runtime_signed_wide_ops_rlib/byte_codec_wide_ops/encode_be_u128/proof.json,71c8710a11eaa7b53577bc6a6589f4d745a8483cec1190a181c1858f968dbd2c,archived_isolated_body_evidence_under_contract,false,false,helper_or_probe_symbol_not_public_API_completion,verification/artifacts/component-evidence/signed-wide-ops/component.json
signed-wide-ops,encode_be_u64,bytes_runtime_signed_wide_ops_rlib/byte_codec_wide_ops/encode_be_u64/proof.json,813896dcdf8d88b3427717f9e5298e0dee3dd63e026c7af6e2272433e5739da0,archived_isolated_body_evidence_under_contract,false,false,helper_or_probe_symbol_not_public_API_completion,verification/artifacts/component-evidence/signed-wide-ops/component.json
signed-wide-ops,encode_le_u128,bytes_runtime_signed_wide_ops_rlib/byte_codec_wide_ops/encode_le_u128/proof.json,7fe597d2a0c517d8d06025297e1478085df1db63bf1175e71f3409ef4b3bb760,archived_isolated_body_evidence_under_contract,false,false,helper_or_probe_symbol_not_public_API_completion,verification/artifacts/component-evidence/signed-wide-ops/component.json
signed-wide-ops,encode_le_u64,bytes_runtime_signed_wide_ops_rlib/byte_codec_wide_ops/encode_le_u64/proof.json,a0134997c6be7086b3b94a92791ade2226816559325237ad856e96bea1f6a40e,archived_isolated_body_evidence_under_contract,false,false,helper_or_probe_symbol_not_public_API_completion,verification/artifacts/component-evidence/signed-wide-ops/component.json
signed-wide-ops,read_be_i128,bytes_runtime_signed_wide_ops_rlib/read_be_i128/proof.json,8a4f542e52c2ebc767e2465144968e1be89920574943e29e3527608b5e9f1006,archived_isolated_body_evidence_under_contract,false,false,helper_or_probe_symbol_not_public_API_completion,verification/artifacts/component-evidence/signed-wide-ops/component.json
signed-wide-ops,read_be_i64,bytes_runtime_signed_wide_ops_rlib/read_be_i64/proof.json,8a666f52aab38078c104c1cf4b7dfbbb4c74e9834c39db2fd1ae5719a5c8af97,archived_isolated_body_evidence_under_contract,false,false,helper_or_probe_symbol_not_public_API_completion,verification/artifacts/component-evidence/signed-wide-ops/component.json
signed-wide-ops,read_le_i128,bytes_runtime_signed_wide_ops_rlib/read_le_i128/proof.json,5a096e0ebdb0be2de914ff2bde6743c3b28f0a90370fdba540f7c80da021a112,archived_isolated_body_evidence_under_contract,false,false,helper_or_probe_symbol_not_public_API_completion,verification/artifacts/component-evidence/signed-wide-ops/component.json
signed-wide-ops,read_le_i64,bytes_runtime_signed_wide_ops_rlib/read_le_i64/proof.json,e647d35ebb71cb9c57c23bd70eb4b729c40334b2ffce095e89fc2db2c67ace45,archived_isolated_body_evidence_under_contract,false,false,helper_or_probe_symbol_not_public_API_completion,verification/artifacts/component-evidence/signed-wide-ops/component.json
signed-wide-ops,read_be_i128,bytes_runtime_signed_wide_ops_rlib/signed_wide_ops/read_be_i128/proof.json,206a956a98afee85fa354836fb4ac9e6edf322272f3d1d39c859bbb6dde216d5,archived_isolated_body_evidence_under_contract,false,false,helper_or_probe_symbol_not_public_API_completion,verification/artifacts/component-evidence/signed-wide-ops/component.json
signed-wide-ops,read_be_i64,bytes_runtime_signed_wide_ops_rlib/signed_wide_ops/read_be_i64/proof.json,2757b91d020613efe42fe73667e22d1df34ecf1b0484e059bee3dc53bfd29a97,archived_isolated_body_evidence_under_contract,false,false,helper_or_probe_symbol_not_public_API_completion,verification/artifacts/component-evidence/signed-wide-ops/component.json
signed-wide-ops,read_le_i128,bytes_runtime_signed_wide_ops_rlib/signed_wide_ops/read_le_i128/proof.json,bbab4aa5408a9a14b9f61239a9650b1bc0b5df61ee395821fd168df08a606fe1,archived_isolated_body_evidence_under_contract,false,false,helper_or_probe_symbol_not_public_API_completion,verification/artifacts/component-evidence/signed-wide-ops/component.json
signed-wide-ops,read_le_i64,bytes_runtime_signed_wide_ops_rlib/signed_wide_ops/read_le_i64/proof.json,3093fe30a75bfcf4807b2072cb337c8a561ba382f8911a8857a275b8156f0e09,archived_isolated_body_evidence_under_contract,false,false,helper_or_probe_symbol_not_public_API_completion,verification/artifacts/component-evidence/signed-wide-ops/component.json
signed-wide-ops,signed_from_u128,bytes_runtime_signed_wide_ops_rlib/signed_wide_ops/signed_from_u128/proof.json,ba16a3da07552c8f418a616e6ec0be58def80f937619acd4f6209cfe4c23f90a,archived_isolated_body_evidence_under_contract,false,false,helper_or_probe_symbol_not_public_API_completion,verification/artifacts/component-evidence/signed-wide-ops/component.json
signed-wide-ops,signed_from_u64,bytes_runtime_signed_wide_ops_rlib/signed_wide_ops/signed_from_u64/proof.json,40b0b257dd2fe9e300ae02f98f8399b4933d88110518364b272408f945857685,archived_isolated_body_evidence_under_contract,false,false,helper_or_probe_symbol_not_public_API_completion,verification/artifacts/component-evidence/signed-wide-ops/component.json
signed-wide-ops,advance_slice,bytes_runtime_signed_wide_ops_rlib/slice_ops/advance_slice/proof.json,1c8ecf7b04ea25429b441f1934a68b9abf84b60d756e61dd4251c0ae685c06ac,archived_isolated_body_evidence_under_contract,false,false,helper_or_probe_symbol_not_public_API_completion,verification/artifacts/component-evidence/signed-wide-ops/component.json
signed-wide-ops,copy_to_slice,bytes_runtime_signed_wide_ops_rlib/slice_ops/copy_to_slice/proof.json,7d2301c473202d2620caf7eea9a8250ef3b394962ae60fc6be011ca699ca8026,archived_isolated_body_evidence_under_contract,false,false,helper_or_probe_symbol_not_public_API_completion,verification/artifacts/component-evidence/signed-wide-ops/component.json
signed-wide-ops,read_be_u128,bytes_runtime_signed_wide_ops_rlib/slice_wide_read_ops/read_be_u128/proof.json,08426f43892965d894357b8c216db9416e71179dfd5befa4c0f094e131418078,archived_isolated_body_evidence_under_contract,false,false,helper_or_probe_symbol_not_public_API_completion,verification/artifacts/component-evidence/signed-wide-ops/component.json
signed-wide-ops,read_be_u64,bytes_runtime_signed_wide_ops_rlib/slice_wide_read_ops/read_be_u64/proof.json,293fa082c54fa91f8fce5019ba852f789e71050a2f1c85e88eb8abeaeb94f5e0,archived_isolated_body_evidence_under_contract,false,false,helper_or_probe_symbol_not_public_API_completion,verification/artifacts/component-evidence/signed-wide-ops/component.json
signed-wide-ops,read_le_u128,bytes_runtime_signed_wide_ops_rlib/slice_wide_read_ops/read_le_u128/proof.json,d5e591f46d8a979fc2f338d59c7e1fe9c61fe1116eb6cb54fe3ff27c46e9111b,archived_isolated_body_evidence_under_contract,false,false,helper_or_probe_symbol_not_public_API_completion,verification/artifacts/component-evidence/signed-wide-ops/component.json
signed-wide-ops,read_le_u64,bytes_runtime_signed_wide_ops_rlib/slice_wide_read_ops/read_le_u64/proof.json,6b50735a563082bc45c9a7eae77f8ccc7d662859a525422ed4ef18c80b9ba86f,archived_isolated_body_evidence_under_contract,false,false,helper_or_probe_symbol_not_public_API_completion,verification/artifacts/component-evidence/signed-wide-ops/component.json
slice-ops,advance_exact,bytes_runtime_slice_ops_rlib/advance_exact/proof.json,895a57ed753ff4c3367ca7397b457e6d112809e9d246bac5532bf6704a003d1b,archived_isolated_body_evidence_under_contract,false,true,helper_or_probe_symbol_not_public_API_completion,verification/artifacts/component-evidence/slice-ops/component.json
slice-ops,copy_exact,bytes_runtime_slice_ops_rlib/copy_exact/proof.json,3bc9e34bdde9b41ac1ffc075815832ff1abbf447649519cce883e1d06ef9dc08,archived_isolated_body_evidence_under_contract,false,true,helper_or_probe_symbol_not_public_API_completion,verification/artifacts/component-evidence/slice-ops/component.json
slice-ops,advance_slice,bytes_runtime_slice_ops_rlib/slice_ops/advance_slice/proof.json,c4680cbc4eff59c123aa1b5a111a4a39542238977d72c4dae0aef67384f0a59e,archived_isolated_body_evidence_under_contract,false,true,helper_or_probe_symbol_not_public_API_completion,verification/artifacts/component-evidence/slice-ops/component.json
slice-ops,copy_to_slice,bytes_runtime_slice_ops_rlib/slice_ops/copy_to_slice/proof.json,b93a6238ed7b3edfde5dd6038fc739a050211e9fcc26967a6c5b30a48600cbb2,archived_isolated_body_evidence_under_contract,false,true,helper_or_probe_symbol_not_public_API_completion,verification/artifacts/component-evidence/slice-ops/component.json
slice-read-ops,decode_be_u16,bytes_runtime_slice_read_ops_rlib/byte_codec_ops/decode_be_u16/proof.json,b10ce9ab2be3f76ec6ef3054efb72977926c51622b61f6c23e56464153e5ea64,archived_isolated_body_evidence_under_contract,false,true,helper_or_probe_symbol_not_public_API_completion,verification/artifacts/component-evidence/slice-read-ops/component.json
slice-read-ops,decode_be_u32,bytes_runtime_slice_read_ops_rlib/byte_codec_ops/decode_be_u32/proof.json,7094dfd7d41218c6c4e3ba30ad76f45b13fb4dde5606e8518e0b8dcab3445b5e,archived_isolated_body_evidence_under_contract,false,true,helper_or_probe_symbol_not_public_API_completion,verification/artifacts/component-evidence/slice-read-ops/component.json
slice-read-ops,encode_be_u16,bytes_runtime_slice_read_ops_rlib/byte_codec_ops/encode_be_u16/proof.json,e8c76d01f49821c5a8fe543530f2121c7bb8bce8ca2d33e12c5a23210f67007e,archived_isolated_body_evidence_under_contract,false,true,helper_or_probe_symbol_not_public_API_completion,verification/artifacts/component-evidence/slice-read-ops/component.json
slice-read-ops,encode_be_u32,bytes_runtime_slice_read_ops_rlib/byte_codec_ops/encode_be_u32/proof.json,017af8fd0f5728327d798f805d76f6903d64b4053a287974d12cd7b1dd86bc6a,archived_isolated_body_evidence_under_contract,false,true,helper_or_probe_symbol_not_public_API_completion,verification/artifacts/component-evidence/slice-read-ops/component.json
slice-read-ops,read_be_u16,bytes_runtime_slice_read_ops_rlib/read_be_u16/proof.json,b58a17acf2beeb979e826755056de2aaabe60635b18f9ff8c1467369b5f9f6e5,archived_isolated_body_evidence_under_contract,false,true,helper_or_probe_symbol_not_public_API_completion,verification/artifacts/component-evidence/slice-read-ops/component.json
slice-read-ops,read_be_u32,bytes_runtime_slice_read_ops_rlib/read_be_u32/proof.json,89d2dc56b8194c857c34dea867d74e8e358182b1768d9ec5d9bee49c49a54e45,archived_isolated_body_evidence_under_contract,false,true,helper_or_probe_symbol_not_public_API_completion,verification/artifacts/component-evidence/slice-read-ops/component.json
slice-read-ops,read_u8,bytes_runtime_slice_read_ops_rlib/read_u8/proof.json,8d42ed7da7c47f425c4f0c9445c020d4045a3c34f24468b844b64b8522ed5bf9,archived_isolated_body_evidence_under_contract,false,true,helper_or_probe_symbol_not_public_API_completion,verification/artifacts/component-evidence/slice-read-ops/component.json
slice-read-ops,advance_slice,bytes_runtime_slice_read_ops_rlib/slice_ops/advance_slice/proof.json,b79451d8b00b097c863feff16c4b444bd4b468d3ff96fa9c40df3d9d46a01cf1,archived_isolated_body_evidence_under_contract,false,true,helper_or_probe_symbol_not_public_API_completion,verification/artifacts/component-evidence/slice-read-ops/component.json
slice-read-ops,copy_to_slice,bytes_runtime_slice_read_ops_rlib/slice_ops/copy_to_slice/proof.json,c7a55ca980a427dd4d03dbc5a9d4491e6fd5f0691213668c8e96afa497a805da,archived_isolated_body_evidence_under_contract,false,true,helper_or_probe_symbol_not_public_API_completion,verification/artifacts/component-evidence/slice-read-ops/component.json
slice-read-ops,read_be_u16,bytes_runtime_slice_read_ops_rlib/slice_read_ops/read_be_u16/proof.json,2bca6a7430f298b34c232959de91a823bdc315eaf2f97f86cf8bd2d38d8e7609,archived_isolated_body_evidence_under_contract,false,true,helper_or_probe_symbol_not_public_API_completion,verification/artifacts/component-evidence/slice-read-ops/component.json
slice-read-ops,read_be_u32,bytes_runtime_slice_read_ops_rlib/slice_read_ops/read_be_u32/proof.json,c41c945317cf18ef8ea3ee29ab0ed420973c94d2c6c1c7c2b1a7ea0811c96e09,archived_isolated_body_evidence_under_contract,false,true,helper_or_probe_symbol_not_public_API_completion,verification/artifacts/component-evidence/slice-read-ops/component.json
slice-read-ops,read_u8,bytes_runtime_slice_read_ops_rlib/slice_read_ops/read_u8/proof.json,e2f187b49e1d13c4215dcd039eff4e7188d4b41b61920e53e09993610b80377e,archived_isolated_body_evidence_under_contract,false,true,helper_or_probe_symbol_not_public_API_completion,verification/artifacts/component-evidence/slice-read-ops/component.json
slice-wide-read-ops,decode_be_u128,bytes_runtime_slice_wide_read_ops_rlib/byte_codec_wide_ops/decode_be_u128/proof.json,57223523f4528671fdcce780ea192c8fe1bb0e9584c66098d512671c23ed9932,archived_isolated_body_evidence_under_contract,false,true,helper_or_probe_symbol_not_public_API_completion,verification/artifacts/component-evidence/slice-wide-read-ops/component.json
slice-wide-read-ops,decode_be_u64,bytes_runtime_slice_wide_read_ops_rlib/byte_codec_wide_ops/decode_be_u64/proof.json,227a1d5944135a5ca9ed9f266eeec0da35a84e7a2866d503a31fac662193b5ee,archived_isolated_body_evidence_under_contract,false,true,helper_or_probe_symbol_not_public_API_completion,verification/artifacts/component-evidence/slice-wide-read-ops/component.json
slice-wide-read-ops,decode_le_u128,bytes_runtime_slice_wide_read_ops_rlib/byte_codec_wide_ops/decode_le_u128/proof.json,2e78975e90761c92ecc320d4f450a8fa29526e20e34203cc01874a8a65e2d7e7,archived_isolated_body_evidence_under_contract,false,true,helper_or_probe_symbol_not_public_API_completion,verification/artifacts/component-evidence/slice-wide-read-ops/component.json
slice-wide-read-ops,decode_le_u64,bytes_runtime_slice_wide_read_ops_rlib/byte_codec_wide_ops/decode_le_u64/proof.json,6ce09cc0d9ba35122654ea19cbf971d634a581ac24412fbe5f88a2f7e287d8a5,archived_isolated_body_evidence_under_contract,false,true,helper_or_probe_symbol_not_public_API_completion,verification/artifacts/component-evidence/slice-wide-read-ops/component.json
slice-wide-read-ops,encode_be_u128,bytes_runtime_slice_wide_read_ops_rlib/byte_codec_wide_ops/encode_be_u128/proof.json,3a233be6f1f25ce008f89bd18be856cf8bc9b1af8f0d32fd2bef3cd5036ca5d3,archived_isolated_body_evidence_under_contract,false,true,helper_or_probe_symbol_not_public_API_completion,verification/artifacts/component-evidence/slice-wide-read-ops/component.json
slice-wide-read-ops,encode_be_u64,bytes_runtime_slice_wide_read_ops_rlib/byte_codec_wide_ops/encode_be_u64/proof.json,f45cd335c3ab3908812721c1b0c7307b3bce614e085f770f759d652c200fda41,archived_isolated_body_evidence_under_contract,false,true,helper_or_probe_symbol_not_public_API_completion,verification/artifacts/component-evidence/slice-wide-read-ops/component.json
slice-wide-read-ops,encode_le_u128,bytes_runtime_slice_wide_read_ops_rlib/byte_codec_wide_ops/encode_le_u128/proof.json,d859e9b2b9affa07963fe9c0793a02c60b5b723ab0d0efbf7c1e71ceb599af84,archived_isolated_body_evidence_under_contract,false,true,helper_or_probe_symbol_not_public_API_completion,verification/artifacts/component-evidence/slice-wide-read-ops/component.json
slice-wide-read-ops,encode_le_u64,bytes_runtime_slice_wide_read_ops_rlib/byte_codec_wide_ops/encode_le_u64/proof.json,fb5359adb5eef8bc7dda74943c8d910d313c52fd6391662eaefb1c54fee966c6,archived_isolated_body_evidence_under_contract,false,true,helper_or_probe_symbol_not_public_API_completion,verification/artifacts/component-evidence/slice-wide-read-ops/component.json
slice-wide-read-ops,read_be_u128,bytes_runtime_slice_wide_read_ops_rlib/read_be_u128/proof.json,2ce36c66a4bfe96ffead7b1f91ceaefec1548627d99f53fb41d4caf861d3e608,archived_isolated_body_evidence_under_contract,false,true,helper_or_probe_symbol_not_public_API_completion,verification/artifacts/component-evidence/slice-wide-read-ops/component.json
slice-wide-read-ops,read_be_u64,bytes_runtime_slice_wide_read_ops_rlib/read_be_u64/proof.json,005a5c07ed4f801f7454843b15c10f8070df5f0ddaa989f1ac14d007b6daa4ca,archived_isolated_body_evidence_under_contract,false,true,helper_or_probe_symbol_not_public_API_completion,verification/artifacts/component-evidence/slice-wide-read-ops/component.json
slice-wide-read-ops,read_le_u128,bytes_runtime_slice_wide_read_ops_rlib/read_le_u128/proof.json,dfb9367ff190bb2ed0102a1610b4a705590fdd385ec4dc30cd217b429c7a2df8,archived_isolated_body_evidence_under_contract,false,true,helper_or_probe_symbol_not_public_API_completion,verification/artifacts/component-evidence/slice-wide-read-ops/component.json
slice-wide-read-ops,read_le_u64,bytes_runtime_slice_wide_read_ops_rlib/read_le_u64/proof.json,35f87e9121305da85b7cecfcf5ee1d47b0a83639b534c65c25f77873afd759a6,archived_isolated_body_evidence_under_contract,false,true,helper_or_probe_symbol_not_public_API_completion,verification/artifacts/component-evidence/slice-wide-read-ops/component.json
slice-wide-read-ops,advance_slice,bytes_runtime_slice_wide_read_ops_rlib/slice_ops/advance_slice/proof.json,c5c0600d074bb79cd82c230639871effa84390ae49a62a9d72c416b1a2c33fa4,archived_isolated_body_evidence_under_contract,false,true,helper_or_probe_symbol_not_public_API_completion,verification/artifacts/component-evidence/slice-wide-read-ops/component.json
slice-wide-read-ops,copy_to_slice,bytes_runtime_slice_wide_read_ops_rlib/slice_ops/copy_to_slice/proof.json,3eacafa49c02b1b5b973f78e27281a1089a8c79d9196357a42331a096ce34502,archived_isolated_body_evidence_under_contract,false,true,helper_or_probe_symbol_not_public_API_completion,verification/artifacts/component-evidence/slice-wide-read-ops/component.json
slice-wide-read-ops,read_be_u128,bytes_runtime_slice_wide_read_ops_rlib/slice_wide_read_ops/read_be_u128/proof.json,9e34c0a938439c33bf39dfc03f3201be7e30e4a0cfa301a4b845bf0aa9b90e9c,archived_isolated_body_evidence_under_contract,false,true,helper_or_probe_symbol_not_public_API_completion,verification/artifacts/component-evidence/slice-wide-read-ops/component.json
slice-wide-read-ops,read_be_u64,bytes_runtime_slice_wide_read_ops_rlib/slice_wide_read_ops/read_be_u64/proof.json,38e2e007c733ed008daa7f8a91470b1ac42379270325193a4d182783fdf85f5a,archived_isolated_body_evidence_under_contract,false,true,helper_or_probe_symbol_not_public_API_completion,verification/artifacts/component-evidence/slice-wide-read-ops/component.json
slice-wide-read-ops,read_le_u128,bytes_runtime_slice_wide_read_ops_rlib/slice_wide_read_ops/read_le_u128/proof.json,2b4d8453daa94f30663ad2ca8e32b4614ddb8752bd9849459825851f6e9bcb51,archived_isolated_body_evidence_under_contract,false,true,helper_or_probe_symbol_not_public_API_completion,verification/artifacts/component-evidence/slice-wide-read-ops/component.json
slice-wide-read-ops,read_le_u64,bytes_runtime_slice_wide_read_ops_rlib/slice_wide_read_ops/read_le_u64/proof.json,9f066336026292d0604c275a2db43cfc8b0f51b41a755141a22bb2e6b5515a27,archived_isolated_body_evidence_under_contract,false,true,helper_or_probe_symbol_not_public_API_completion,verification/artifacts/component-evidence/slice-wide-read-ops/component.json
storage,read_and_recover,bytes_storage_foundation_rlib/read_and_recover/proof.json,d5c5eb149ec7206bb95a265177bd0655168aea54a1c6617f192f9dda5e7ecaf4,archived_isolated_body_evidence_under_contract,false,false,helper_or_probe_symbol_not_public_API_completion,verification/artifacts/component-evidence/storage/component.json
storage,split_borrows_and_recover,bytes_storage_foundation_rlib/split_borrows_and_recover/proof.json,93facf358bc293220c2e87601e8de3979b0efc6d9d49cd079625a06d2b412ad1,archived_isolated_body_evidence_under_contract,false,false,helper_or_probe_symbol_not_public_API_completion,verification/artifacts/component-evidence/storage/component.json
uninit-ops,copy_prefix,bytes_uninit_ops_rlib/copy_prefix/proof.json,2ed908f918259c46aa99e273e85ba855d7ae6bb8ea4104034fc90483c879eb5d,archived_isolated_body_evidence_under_contract,false,true,helper_or_probe_symbol_not_public_API_completion,verification/artifacts/component-evidence/uninit-ops/component.json
uninit-ops,fill_prefix,bytes_uninit_ops_rlib/fill_prefix/proof.json,89fad65dcb52d707214b434ce8d6f84d22080fbfb41a9d55850a5e17b6558300,archived_isolated_body_evidence_under_contract,false,true,helper_or_probe_symbol_not_public_API_completion,verification/artifacts/component-evidence/uninit-ops/component.json
uninit-ops,fill_prefix,bytes_uninit_ops_rlib/uninit_ops/fill_prefix/proof.json,95c9571cbeeb5602ee5601e8d7c011fdc1aa143f949d971da2bc88cdd9208949,archived_isolated_body_evidence_under_contract,false,true,helper_or_probe_symbol_not_public_API_completion,verification/artifacts/component-evidence/uninit-ops/component.json
uninit-ops,initialize_prefix,bytes_uninit_ops_rlib/uninit_ops/initialize_prefix/proof.json,03cb2b2ac2287834cc33b865cf29a55ad24af942b4834fa68e421245cb6453f6,archived_isolated_body_evidence_under_contract,false,true,helper_or_probe_symbol_not_public_API_completion,verification/artifacts/component-evidence/uninit-ops/component.json
variable-read-ops,decode_be_u128,bytes_variable_read_ops_rlib/byte_codec_wide_ops/decode_be_u128/proof.json,eed37dc162d872eed71d34ba0d8fe78b4675d4ebfc01f62d60e98ee348a5af2b,archived_isolated_body_evidence_under_contract,false,false,helper_or_probe_symbol_not_public_API_completion,verification/artifacts/component-evidence/variable-read-ops/component.json
variable-read-ops,decode_be_u64,bytes_variable_read_ops_rlib/byte_codec_wide_ops/decode_be_u64/proof.json,4b34fa1cc66ab8d38e8a85197854f74b93ed1678145d1bda4ce18c8f2d17b278,archived_isolated_body_evidence_under_contract,false,false,helper_or_probe_symbol_not_public_API_completion,verification/artifacts/component-evidence/variable-read-ops/component.json
variable-read-ops,decode_le_u128,bytes_variable_read_ops_rlib/byte_codec_wide_ops/decode_le_u128/proof.json,e000b63e4f1d235652c9bf28872e152094f86790b51dd1b5c2c3d1cb183739c7,archived_isolated_body_evidence_under_contract,false,false,helper_or_probe_symbol_not_public_API_completion,verification/artifacts/component-evidence/variable-read-ops/component.json
variable-read-ops,decode_le_u64,bytes_variable_read_ops_rlib/byte_codec_wide_ops/decode_le_u64/proof.json,c7d184a24b35c373e09870586412907cbfe69c5085230670310706d500cd5c20,archived_isolated_body_evidence_under_contract,false,false,helper_or_probe_symbol_not_public_API_completion,verification/artifacts/component-evidence/variable-read-ops/component.json
variable-read-ops,encode_be_u128,bytes_variable_read_ops_rlib/byte_codec_wide_ops/encode_be_u128/proof.json,d3e504617c018772e8f83ff785dfa1a8dc77a9bc659223862c99b654ab2d3286,archived_isolated_body_evidence_under_contract,false,false,helper_or_probe_symbol_not_public_API_completion,verification/artifacts/component-evidence/variable-read-ops/component.json
variable-read-ops,encode_be_u64,bytes_variable_read_ops_rlib/byte_codec_wide_ops/encode_be_u64/proof.json,642122b8d8d3a80afe677e5927e28d7f3412bd3f0799ad6b130c2904b7a4b8e7,archived_isolated_body_evidence_under_contract,false,false,helper_or_probe_symbol_not_public_API_completion,verification/artifacts/component-evidence/variable-read-ops/component.json
variable-read-ops,encode_le_u128,bytes_variable_read_ops_rlib/byte_codec_wide_ops/encode_le_u128/proof.json,aa6fce79a5aa8c1b72bd3c9e1947149f4aa01a40d493e5b2a4781db4f823693d,archived_isolated_body_evidence_under_contract,false,false,helper_or_probe_symbol_not_public_API_completion,verification/artifacts/component-evidence/variable-read-ops/component.json
variable-read-ops,encode_le_u64,bytes_variable_read_ops_rlib/byte_codec_wide_ops/encode_le_u64/proof.json,3557c788d1417c12697164fdc92186eceeb85f48358efe3817735481988a0ba0,archived_isolated_body_evidence_under_contract,false,false,helper_or_probe_symbol_not_public_API_completion,verification/artifacts/component-evidence/variable-read-ops/component.json
variable-read-ops,read_be_u64,bytes_variable_read_ops_rlib/read_be_u64/proof.json,24cbab1a65c7aa7f8a7e153361ef4ebbbb54802412b987cacc5c24ac072a0a10,archived_isolated_body_evidence_under_contract,false,false,helper_or_probe_symbol_not_public_API_completion,verification/artifacts/component-evidence/variable-read-ops/component.json
variable-read-ops,read_le_u64,bytes_variable_read_ops_rlib/read_le_u64/proof.json,dd90de923592f7da31c10d4f835e18415f7f410ef247da13b90666be3345f471,archived_isolated_body_evidence_under_contract,false,false,helper_or_probe_symbol_not_public_API_completion,verification/artifacts/component-evidence/variable-read-ops/component.json
variable-read-ops,advance_slice,bytes_variable_read_ops_rlib/slice_ops/advance_slice/proof.json,82a3d078f63e922b5577268ca8b1828ace289e4043553f4845b94e66653aeb81,archived_isolated_body_evidence_under_contract,false,false,helper_or_probe_symbol_not_public_API_completion,verification/artifacts/component-evidence/variable-read-ops/component.json
variable-read-ops,copy_to_slice,bytes_variable_read_ops_rlib/slice_ops/copy_to_slice/proof.json,102dd7b88c71516a6624ea471cf7db08b1750b5788cfe85966a3a163fb034c4a,archived_isolated_body_evidence_under_contract,false,false,helper_or_probe_symbol_not_public_API_completion,verification/artifacts/component-evidence/variable-read-ops/component.json
variable-read-ops,read_be_u64,bytes_variable_read_ops_rlib/variable_read_ops/read_be_u64/proof.json,efa532a0b3534a2b1c89a1e60661a70ad0a3bcc12ee759cdf0f31c275c1fb353,archived_isolated_body_evidence_under_contract,false,false,helper_or_probe_symbol_not_public_API_completion,verification/artifacts/component-evidence/variable-read-ops/component.json
variable-read-ops,read_le_u64,bytes_variable_read_ops_rlib/variable_read_ops/read_le_u64/proof.json,400200a389f59ede9ba5d4bf018bfac09bf345cc3629d8fee6c277a00fedf223,archived_isolated_body_evidence_under_contract,false,false,helper_or_probe_symbol_not_public_API_completion,verification/artifacts/component-evidence/variable-read-ops/component.json
wide-codecs,decode_be_u128,bytes_runtime_wide_codecs_rlib/byte_codec_wide_ops/decode_be_u128/proof.json,d3c005611a8dc66f42e8ab1518e4ee78df3dfa4e7884b426eeec175995934e3f,archived_isolated_body_evidence_under_contract,false,true,helper_or_probe_symbol_not_public_API_completion,verification/artifacts/component-evidence/wide-codecs/component.json
wide-codecs,decode_be_u64,bytes_runtime_wide_codecs_rlib/byte_codec_wide_ops/decode_be_u64/proof.json,e8924f8415d80f4eecca75f090f2037031e59402c01e6d5f2cb9b41aa2d623a8,archived_isolated_body_evidence_under_contract,false,true,helper_or_probe_symbol_not_public_API_completion,verification/artifacts/component-evidence/wide-codecs/component.json
wide-codecs,decode_le_u128,bytes_runtime_wide_codecs_rlib/byte_codec_wide_ops/decode_le_u128/proof.json,1634fc5f95ba6cb18c8101cd98e73b99abc1b0a2f2927adcf7e71c274931d417,archived_isolated_body_evidence_under_contract,false,true,helper_or_probe_symbol_not_public_API_completion,verification/artifacts/component-evidence/wide-codecs/component.json
wide-codecs,decode_le_u64,bytes_runtime_wide_codecs_rlib/byte_codec_wide_ops/decode_le_u64/proof.json,269d990b4e33208a5f99d882104b56f804f1a6a117e36ee5026684753608e218,archived_isolated_body_evidence_under_contract,false,true,helper_or_probe_symbol_not_public_API_completion,verification/artifacts/component-evidence/wide-codecs/component.json
wide-codecs,encode_be_u128,bytes_runtime_wide_codecs_rlib/byte_codec_wide_ops/encode_be_u128/proof.json,f234b77a44135e2faea85a0c95e458320cf937e91e8fc5cedc6c7d475eabef62,archived_isolated_body_evidence_under_contract,false,true,helper_or_probe_symbol_not_public_API_completion,verification/artifacts/component-evidence/wide-codecs/component.json
wide-codecs,encode_be_u64,bytes_runtime_wide_codecs_rlib/byte_codec_wide_ops/encode_be_u64/proof.json,96b7caa32a25e92b67ba1e2e7574c4c5f8733faa304d1679494eeade925b4257,archived_isolated_body_evidence_under_contract,false,true,helper_or_probe_symbol_not_public_API_completion,verification/artifacts/component-evidence/wide-codecs/component.json
wide-codecs,encode_le_u128,bytes_runtime_wide_codecs_rlib/byte_codec_wide_ops/encode_le_u128/proof.json,f20f78b64605ffcdaaf8765d42605233c7beae65747f5a36e0d00bce2342e98d,archived_isolated_body_evidence_under_contract,false,true,helper_or_probe_symbol_not_public_API_completion,verification/artifacts/component-evidence/wide-codecs/component.json
wide-codecs,encode_le_u64,bytes_runtime_wide_codecs_rlib/byte_codec_wide_ops/encode_le_u64/proof.json,49c77e478d21b7cc1c010cdf144339d01ff6a4aa51be808d0f34501d3f49f682,archived_isolated_body_evidence_under_contract,false,true,helper_or_probe_symbol_not_public_API_completion,verification/artifacts/component-evidence/wide-codecs/component.json
wide-codecs,reconstruct_be_u128,bytes_runtime_wide_codecs_rlib/reconstruct_be_u128/proof.json,68554b36ffe0211e97065b605c82c14dddb4ec14bc37e9904777da534675dc7a,archived_isolated_body_evidence_under_contract,false,true,helper_or_probe_symbol_not_public_API_completion,verification/artifacts/component-evidence/wide-codecs/component.json
wide-codecs,reconstruct_be_u64,bytes_runtime_wide_codecs_rlib/reconstruct_be_u64/proof.json,8c7500006d3f51f73ffba1b127dbb1ad497fe1bbac883b5cc32c94bb79eb7d27,archived_isolated_body_evidence_under_contract,false,true,helper_or_probe_symbol_not_public_API_completion,verification/artifacts/component-evidence/wide-codecs/component.json
wide-codecs,reconstruct_le_u128,bytes_runtime_wide_codecs_rlib/reconstruct_le_u128/proof.json,e4b259dd857f34fbbe85d1cb7d3d2e747ee53d8acb9c6e1bbff509c395fdb0b0,archived_isolated_body_evidence_under_contract,false,true,helper_or_probe_symbol_not_public_API_completion,verification/artifacts/component-evidence/wide-codecs/component.json
wide-codecs,reconstruct_le_u64,bytes_runtime_wide_codecs_rlib/reconstruct_le_u64/proof.json,04d3b0cbea90e0722fe4cbe1903e6181ed76e0bb9c59866e5e47dca248635d3e,archived_isolated_body_evidence_under_contract,false,true,helper_or_probe_symbol_not_public_API_completion,verification/artifacts/component-evidence/wide-codecs/component.json
wide-codecs,round_trip_u128,bytes_runtime_wide_codecs_rlib/round_trip_u128/proof.json,604279f8c262255df296b5d54e09b5a153e889cdc66f9761520a7e5c10a65611,archived_isolated_body_evidence_under_contract,false,true,helper_or_probe_symbol_not_public_API_completion,verification/artifacts/component-evidence/wide-codecs/component.json
wide-codecs,round_trip_u64,bytes_runtime_wide_codecs_rlib/round_trip_u64/proof.json,755f1234f90501d9f5bade03ca01307d08627fcbd59f532b2fe60a4ea1371317,archived_isolated_body_evidence_under_contract,false,true,helper_or_probe_symbol_not_public_API_completion,verification/artifacts/component-evidence/wide-codecs/component.json
