target_path	goal	answer	time	steps
verif/httparse_version_harness_rlib/verification_version/short_version_model.coma	vc_short_version_model	Valid	0.00807	713
verif/httparse_version_harness_rlib/verification_version/short_version_model.coma	vc_short_version_model	Valid	0.003997	705
verif/httparse_version_harness_rlib/verification_version/short_version_model.coma	vc_short_version_model	Valid	0.007119	8965
verif/httparse_version_harness_rlib/verification_version/short_version_model.coma	vc_short_version_model	Valid	0.003448	837
verif/httparse_version_harness_rlib/verification_version/short_version_model.coma	vc_short_version_model	Valid	1e-06	829
verif/httparse_version_harness_rlib/verification_version/short_version_model.coma	vc_short_version_model	Valid	0.006675	9603
verif/httparse_version_harness_rlib/verification_version/short_version_model.coma	vc_short_version_model	Valid	0.00408	867
verif/httparse_version_harness_rlib/verification_version/short_version_model.coma	vc_short_version_model	Valid	1e-06	859
verif/httparse_version_harness_rlib/verification_version/short_version_model.coma	vc_short_version_model	Valid	0.004797	10061
verif/httparse_version_harness_rlib/verification_version/short_version_model.coma	vc_short_version_model	Valid	0.00448	897
verif/httparse_version_harness_rlib/verification_version/short_version_model.coma	vc_short_version_model	Valid	0.008566	889
verif/httparse_version_harness_rlib/verification_version/short_version_model.coma	vc_short_version_model	Valid	0.006762	10527
verif/httparse_version_harness_rlib/verification_version/short_version_model.coma	vc_short_version_model	Valid	1e-06	927
verif/httparse_version_harness_rlib/verification_version/short_version_model.coma	vc_short_version_model	Valid	0.003971	919
verif/httparse_version_harness_rlib/verification_version/short_version_model.coma	vc_short_version_model	Valid	0.003791	10987
verif/httparse_version_harness_rlib/verification_version/short_version_model.coma	vc_short_version_model	Valid	1e-06	957
verif/httparse_version_harness_rlib/verification_version/short_version_model.coma	vc_short_version_model	Valid	1e-06	949
verif/httparse_version_harness_rlib/verification_version/short_version_model.coma	vc_short_version_model	Valid	0.009947	11451
verif/httparse_version_harness_rlib/verification_version/short_version_model.coma	vc_short_version_model	Valid	0.004012	987
verif/httparse_version_harness_rlib/verification_version/short_version_model.coma	vc_short_version_model	Valid	0.008014	979
verif/httparse_version_harness_rlib/verification_version/short_version_model.coma	vc_short_version_model	Valid	0.008253	11915
verif/httparse_version_harness_rlib/verification_version/short_version_model.coma	vc_short_version_model	Valid	0.004498	1012
verif/httparse_version_harness_rlib/verification_version/parse_version_model.coma	vc_parse_version_model	Valid	0.009983	7307
verif/httparse_version_harness_rlib/verification_version/parse_version_model.coma	vc_parse_version_model	Valid	0.005044	6792
verif/httparse_version_harness_rlib/verification_version/parse_version_model.coma	vc_parse_version_model	Valid	0.00919	6816
verif/httparse_version_harness_rlib/verification_version/parse_version_model.coma	vc_parse_version_model	Valid	0.025966	6847
verif/httparse_version_harness_rlib/verification_version/parse_version_model.coma	vc_parse_version_model	Valid	0.004277	6867
verif/httparse_version_harness_rlib/verification_version/parse_version_model.coma	vc_parse_version_model	Valid	0.011948	2005
verif/httparse_version_harness_rlib/verification_version/parse_version_model.coma	vc_parse_version_model	Valid	1e-06	2042
